;A;B;C;freq;AA;BB;CC
1;1;13;1;1,29E-05;A1;B13;C1
2;1;13;6;0,000669158;A1;B13;C6
3;1;13;7;0,000188918;A1;B13;C7
4;1;14;15;1,65E-05;A1;B14;C15
5;1;14;2;4,98E-05;A1;B14;C2
6;1;14;6;1,34E-05;A1;B14;C6
7;1;14;8;0,001693793;A1;B14;C8
8;1;15;1;0,000179945;A1;B15;C1
9;1;15;12;1,34E-05;A1;B15;C12
10;1;15;15;5,94E-05;A1;B15;C15
11;1;15;16;4,65E-05;A1;B15;C16
12;1;15;17;2,50E-05;A1;B15;C17
13;1;15;18;1,44E-05;A1;B15;C18
14;1;15;2;6,09E-05;A1;B15;C2
15;1;15;3;0,001278032;A1;B15;C3
16;1;15;4;4,49E-05;A1;B15;C4
17;1;15;5;1,47E-10;A1;B15;C5
18;1;15;7;0,001762912;A1;B15;C7
19;1;18;1;1,04E-06;A1;B18;C1
20;1;18;12;4,02E-05;A1;B18;C12
21;1;18;14;9,55E-07;A1;B18;C14
22;1;18;2;1,43E-05;A1;B18;C2
23;1;18;5;0,000882896;A1;B18;C5
24;1;18;6;0,000262964;A1;B18;C6
25;1;18;7;0,000440344;A1;B18;C7
26;1;27;1;0,000281173;A1;B27;C1
27;1;27;15;2,42E-05;A1;B27;C15
28;1;27;2;0,001139718;A1;B27;C2
29;1;27;7;5,21E-05;A1;B27;C7
30;1;35;1;0,000144374;A1;B35;C1
31;1;35;12;0,000126281;A1;B35;C12
32;1;35;2;1,50E-05;A1;B35;C2
33;1;35;3;2,84E-05;A1;B35;C3
34;1;35;4;0,007534734;A1;B35;C4
35;1;35;6;0,000288836;A1;B35;C6
36;1;37;4;1,37E-05;A1;B37;C4
37;1;37;6;0,007163954;A1;B37;C6
38;1;38;12;0,001188459;A1;B38;C12
39;1;38;16;1,36E-05;A1;B38;C16
40;1;38;6;0,000828018;A1;B38;C6
41;1;38;7;1,36E-05;A1;B38;C7
42;1;39;12;0,001274749;A1;B39;C12
43;1;39;7;0,000340001;A1;B39;C7
44;1;40;15;0,000523729;A1;B40;C15
45;1;40;2;0,000149717;A1;B40;C2
46;1;40;3;0,000552772;A1;B40;C3
47;1;40;5;1,34E-05;A1;B40;C5
48;1;40;6;8,33E-05;A1;B40;C6
49;1;41;16;0,000186379;A1;B41;C16
50;1;41;17;0,000600426;A1;B41;C17
51;1;41;6;0,000304743;A1;B41;C6
52;1;41;7;3,22E-05;A1;B41;C7
53;1;42;17;4,98E-05;A1;B42;C17
54;1;44;1;5,74E-06;A1;B44;C1
55;1;44;12;4,58E-05;A1;B44;C12
56;1;44;15;0,000761445;A1;B44;C15
57;1;44;16;0,002104489;A1;B44;C16
58;1;44;2;0,000357098;A1;B44;C2
59;1;44;4;0,000507337;A1;B44;C4
60;1;44;5;0,002196064;A1;B44;C5
61;1;44;6;9,19E-05;A1;B44;C6
62;1;44;7;6,35E-05;A1;B44;C7
63;1;45;16;4,89E-05;A1;B45;C16
64;1;45;6;2,13E-05;A1;B45;C6
65;1;47;6;3,31E-05;A1;B47;C6
66;1;49;7;0,001964657;A1;B49;C7
67;1;50;15;6,22E-05;A1;B50;C15
68;1;50;3;3,04E-08;A1;B50;C3
69;1;50;5;7,52E-05;A1;B50;C5
70;1;50;6;0,000783469;A1;B50;C6
71;1;51;1;5,94E-05;A1;B51;C1
72;1;51;12;0,000107785;A1;B51;C12
73;1;51;14;0,002490788;A1;B51;C14
74;1;51;15;0,002941208;A1;B51;C15
75;1;51;16;0,000439548;A1;B51;C16
76;1;51;2;0,000171219;A1;B51;C2
77;1;51;4;2,56E-05;A1;B51;C4
78;1;51;5;5,27E-05;A1;B51;C5
79;1;51;6;0,000108538;A1;B51;C6
80;1;51;7;3,65E-05;A1;B51;C7
81;1;52;12;0,00248763;A1;B52;C12
82;1;52;16;2,65E-05;A1;B52;C16
83;1;52;7;1,33E-05;A1;B52;C7
84;1;53;4;0,000201288;A1;B53;C4
85;1;53;6;1,33E-05;A1;B53;C6
86;1;55;1;4,04E-05;A1;B55;C1
87;1;55;3;0,000385457;A1;B55;C3
88;1;56;1;0,000154385;A1;B56;C1
89;1;56;2;1,32E-05;A1;B56;C2
90;1;57;12;3,02E-05;A1;B57;C12
91;1;57;18;6,91E-05;A1;B57;C18
92;1;57;6;0,005715882;A1;B57;C6
93;1;57;7;0,005869497;A1;B57;C7
94;1;58;3;0,000435664;A1;B58;C3
95;1;58;7;0,003272877;A1;B58;C7
96;1;67;12;5,73E-06;A1;B67;C12
97;1;7;15;0,0009181;A1;B7;C15
98;1;7;4;1,30E-05;A1;B7;C4
99;1;7;7;0,002137008;A1;B7;C7
100;1;8;2;1,44E-05;A1;B8;C2
101;1;8;7;0,040796253;A1;B8;C7
102;1;81;18;3,23E-05;A1;B81;C18
103;11;13;2;1,32E-05;A11;B13;C2
104;11;13;4;3,98E-05;A11;B13;C4
105;11;13;6;8,88E-05;A11;B13;C6
106;11;14;2;9,11E-05;A11;B14;C2
107;11;14;6;0,000419704;A11;B14;C6
108;11;14;8;0,004042265;A11;B14;C8
109;11;15;1;0,000267985;A11;B15;C1
110;11;15;12;4,86E-05;A11;B15;C12
111;11;15;14;4,31E-05;A11;B15;C14
112;11;15;16;4,59E-05;A11;B15;C16
113;11;15;2;1,94E-05;A11;B15;C2
114;11;15;3;0,000202318;A11;B15;C3
115;11;15;4;0,000144545;A11;B15;C4
116;11;15;7;0,001368229;A11;B15;C7
117;11;15;8;1,32E-05;A11;B15;C8
118;11;18;12;0,000485355;A11;B18;C12
119;11;18;5;0,000889372;A11;B18;C5
120;11;18;7;0,001789673;A11;B18;C7
121;11;27;1;0,002421919;A11;B27;C1
122;11;27;2;0,001091056;A11;B27;C2
123;11;27;5;8,63E-05;A11;B27;C5
124;11;27;6;0,000107652;A11;B27;C6
125;11;35;1;1,62E-05;A11;B35;C1
126;11;35;12;0,000304998;A11;B35;C12
127;11;35;15;2,63E-05;A11;B35;C15
128;11;35;2;2,10E-05;A11;B35;C2
129;11;35;3;8,85E-05;A11;B35;C3
130;11;35;4;0,019757887;A11;B35;C4
131;11;35;5;1,16E-06;A11;B35;C5
132;11;37;6;0,000231608;A11;B37;C6
133;11;38;12;0,000561396;A11;B38;C12
134;11;38;6;5,20E-05;A11;B38;C6
135;11;38;7;1,20E-05;A11;B38;C7
136;11;39;12;0,000252192;A11;B39;C12
137;11;39;7;0,000307741;A11;B39;C7
138;11;40;15;0,000236283;A11;B40;C15
139;11;40;2;0,000493255;A11;B40;C2
140;11;40;3;0,001558282;A11;B40;C3
141;11;40;7;3,55E-05;A11;B40;C7
142;11;41;17;0,000215131;A11;B41;C17
143;11;41;8;1,32E-05;A11;B41;C8
144;11;44;1;0,000244821;A11;B44;C1
145;11;44;14;1,72E-05;A11;B44;C14
146;11;44;15;2,27E-05;A11;B44;C15
147;11;44;16;0,000854961;A11;B44;C16
148;11;44;2;5,25E-05;A11;B44;C2
149;11;44;3;1,62E-05;A11;B44;C3
150;11;44;4;0,00085285;A11;B44;C4
151;11;44;5;0,003913691;A11;B44;C5
152;11;44;6;7,67E-06;A11;B44;C6
153;11;44;8;5,74E-05;A11;B44;C8
154;11;45;16;0,00029292;A11;B45;C16
155;11;45;6;2,21E-05;A11;B45;C6
156;11;47;7;7,25E-06;A11;B47;C7
157;11;48;8;1,72E-05;A11;B48;C8
158;11;49;7;0,002169137;A11;B49;C7
159;11;50;1;1,62E-05;A11;B50;C1
160;11;50;16;6,51E-05;A11;B50;C16
161;11;50;4;0,000163163;A11;B50;C4
162;11;50;6;0,000200674;A11;B50;C6
163;11;50;7;2,34E-05;A11;B50;C7
164;11;51;1;0,000101319;A11;B51;C1
165;11;51;12;6,09E-05;A11;B51;C12
166;11;51;14;0,000572018;A11;B51;C14
167;11;51;15;0,004698829;A11;B51;C15
168;11;51;16;0,000445371;A11;B51;C16
169;11;51;2;0,000249275;A11;B51;C2
170;11;51;3;0,000295659;A11;B51;C3
171;11;51;4;0,000588085;A11;B51;C4
172;11;51;7;7,18E-05;A11;B51;C7
173;11;52;12;0,001337485;A11;B52;C12
174;11;53;4;0,000607283;A11;B53;C4
175;11;55;1;0,000394016;A11;B55;C1
176;11;55;3;0,002779122;A11;B55;C3
177;11;56;1;0,000566196;A11;B56;C1
178;11;57;12;5,56E-05;A11;B57;C12
179;11;57;16;1,36E-05;A11;B57;C16
180;11;57;6;0,00030926;A11;B57;C6
181;11;57;7;0,000351474;A11;B57;C7
182;11;58;3;3,33E-05;A11;B58;C3
183;11;58;7;0,000443379;A11;B58;C7
184;11;7;7;0,002809779;A11;B7;C7
185;11;8;16;1,41E-05;A11;B8;C16
186;11;8;7;0,001082585;A11;B8;C7
187;11;81;8;1,32E-05;A11;B81;C8
188;2;13;6;0,004913903;A2;B13;C6
189;2;14;14;0,00017325;A2;B14;C14
190;2;14;15;8,49E-05;A2;B14;C15
191;2;14;2;0,000348754;A2;B14;C2
192;2;14;3;1,32E-05;A2;B14;C3
193;2;14;5;3,38E-05;A2;B14;C5
194;2;14;6;9,42E-05;A2;B14;C6
195;2;14;7;8,30E-05;A2;B14;C7
196;2;14;8;0,008701805;A2;B14;C8
197;2;15;1;0,00143869;A2;B15;C1
198;2;15;12;6,06E-05;A2;B15;C12
199;2;15;14;0,000834623;A2;B15;C14
200;2;15;16;7,60E-05;A2;B15;C16
201;2;15;2;0,002561136;A2;B15;C2
202;2;15;3;0,008758609;A2;B15;C3
203;2;15;4;0,00175978;A2;B15;C4
204;2;15;5;6,75E-05;A2;B15;C5
205;2;15;6;6,69E-06;A2;B15;C6
206;2;15;7;0,001891951;A2;B15;C7
207;2;18;1;1,52E-05;A2;B18;C1
208;2;18;12;0,001932218;A2;B18;C12
209;2;18;2;0,000640458;A2;B18;C2
210;2;18;5;0,003737686;A2;B18;C5
211;2;18;6;1,39E-05;A2;B18;C6
212;2;18;7;0,005968516;A2;B18;C7
213;2;27;1;0,003634321;A2;B27;C1
214;2;27;15;1,81E-05;A2;B27;C15
215;2;27;2;0,00465541;A2;B27;C2
216;2;27;3;4,16E-05;A2;B27;C3
217;2;27;4;1,60E-05;A2;B27;C4
218;2;27;5;0,000557364;A2;B27;C5
219;2;27;6;1,47E-05;A2;B27;C6
220;2;27;7;0,000170633;A2;B27;C7
221;2;35;1;6,15E-05;A2;B35;C1
222;2;35;12;0,000679879;A2;B35;C12
223;2;35;15;1,95E-05;A2;B35;C15
224;2;35;16;8,74E-05;A2;B35;C16
225;2;35;2;0,00066535;A2;B35;C2
226;2;35;3;0,000221783;A2;B35;C3
227;2;35;4;0,020662465;A2;B35;C4
228;2;35;6;0,000291275;A2;B35;C6
229;2;35;7;8,67E-05;A2;B35;C7
230;2;37;6;0,002433476;A2;B37;C6
231;2;38;12;0,002835942;A2;B38;C12
232;2;38;5;0,00013222;A2;B38;C5
233;2;38;7;1,64E-05;A2;B38;C7
234;2;39;1;4,12E-05;A2;B39;C1
235;2;39;12;0,004017641;A2;B39;C12
236;2;39;15;1,96E-05;A2;B39;C15
237;2;39;3;0,000123473;A2;B39;C3
238;2;39;5;0,000146161;A2;B39;C5
239;2;39;7;0,001457744;A2;B39;C7
240;2;40;1;2,78E-05;A2;B40;C1
241;2;40;12;0,000549684;A2;B40;C12
242;2;40;14;0,000166541;A2;B40;C14
243;2;40;15;0,000402061;A2;B40;C15
244;2;40;2;0,001267118;A2;B40;C2
245;2;40;3;0,008285319;A2;B40;C3
246;2;40;5;7,20E-06;A2;B40;C5
247;2;40;7;8,53E-05;A2;B40;C7
248;2;40;8;2,23E-05;A2;B40;C8
249;2;41;16;1,45E-05;A2;B41;C16
250;2;41;17;0,002557651;A2;B41;C17
251;2;41;3;1,45E-05;A2;B41;C3
252;2;41;6;1,40E-05;A2;B41;C6
253;2;41;7;0,000850437;A2;B41;C7
254;2;42;17;4,67E-05;A2;B42;C17
255;2;44;1;0,000654502;A2;B44;C1
256;2;44;12;0,000613485;A2;B44;C12
257;2;44;14;0,000521294;A2;B44;C14
258;2;44;15;7,50E-05;A2;B44;C15
259;2;44;16;0,006779668;A2;B44;C16
260;2;44;2;0,001568682;A2;B44;C2
261;2;44;4;0,006414467;A2;B44;C4
262;2;44;5;0,034909001;A2;B44;C5
263;2;44;6;4,97E-05;A2;B44;C6
264;2;44;7;0,002695225;A2;B44;C7
265;2;44;8;2,11E-05;A2;B44;C8
266;2;45;12;1,66E-05;A2;B45;C12
267;2;45;14;2,47E-06;A2;B45;C14
268;2;45;16;0,000997069;A2;B45;C16
269;2;45;6;0,001755576;A2;B45;C6
270;2;45;7;1,44E-05;A2;B45;C7
271;2;46;1;4,46E-05;A2;B46;C1
272;2;47;6;0,000196189;A2;B47;C6
273;2;47;7;6,96E-05;A2;B47;C7
274;2;48;8;0,000781675;A2;B48;C8
275;2;49;14;1,33E-05;A2;B49;C14
276;2;49;6;0,000137685;A2;B49;C6
277;2;49;7;0,008322988;A2;B49;C7
278;2;50;12;9,31E-05;A2;B50;C12
279;2;50;2;1,49E-05;A2;B50;C2
280;2;50;4;0,001764396;A2;B50;C4
281;2;50;5;0,000709135;A2;B50;C5
282;2;50;6;0,01631168;A2;B50;C6
283;2;50;7;0,000372223;A2;B50;C7
284;2;51;1;0,001528142;A2;B51;C1
285;2;51;12;0,000607343;A2;B51;C12
286;2;51;14;0,014576104;A2;B51;C14
287;2;51;15;0,010570358;A2;B51;C15
288;2;51;16;0,005168215;A2;B51;C16
289;2;51;2;0,00777367;A2;B51;C2
290;2;51;3;8,12E-05;A2;B51;C3
291;2;51;4;0,00156506;A2;B51;C4
292;2;51;5;0,000457784;A2;B51;C5
293;2;51;7;0,003307311;A2;B51;C7
294;2;52;12;0,000771296;A2;B52;C12
295;2;52;14;1,32E-05;A2;B52;C14
296;2;52;15;6,63E-05;A2;B52;C15
297;2;53;12;1,70E-05;A2;B53;C12
298;2;53;4;0,001343102;A2;B53;C4
299;2;53;5;1,37E-05;A2;B53;C5
300;2;55;1;0,000332036;A2;B55;C1
301;2;55;15;2,64E-05;A2;B55;C15
302;2;55;16;1,32E-05;A2;B55;C16
303;2;55;3;0,001124185;A2;B55;C3
304;2;56;1;0,001572552;A2;B56;C1
305;2;56;2;8,41E-05;A2;B56;C2
306;2;56;5;3,21E-05;A2;B56;C5
307;2;57;12;9,24E-05;A2;B57;C12
308;2;57;18;0,000116199;A2;B57;C18
309;2;57;2;1,50E-05;A2;B57;C2
310;2;57;5;1,08E-05;A2;B57;C5
311;2;57;6;0,003262097;A2;B57;C6
312;2;57;7;0,002339525;A2;B57;C7
313;2;57;8;1,32E-05;A2;B57;C8
314;2;58;12;2,03E-05;A2;B58;C12
315;2;58;3;0,000236625;A2;B58;C3
316;2;58;6;3,29E-05;A2;B58;C6
317;2;58;7;0,006829074;A2;B58;C7
318;2;67;12;0,000119523;A2;B67;C12
319;2;7;12;2,96E-05;A2;B7;C12
320;2;7;15;0,001505174;A2;B7;C15
321;2;7;2;3,64E-05;A2;B7;C2
322;2;7;4;1,62E-05;A2;B7;C4
323;2;7;5;5,48E-05;A2;B7;C5
324;2;7;7;0,014205742;A2;B7;C7
325;2;73;15;0,00023077;A2;B73;C15
326;2;78;16;2,06E-05;A2;B78;C16
327;2;8;12;1,60E-05;A2;B8;C12
328;2;8;3;1,26E-05;A2;B8;C3
329;2;8;5;3,10E-05;A2;B8;C5
330;2;8;6;5,38E-05;A2;B8;C6
331;2;8;7;0,007143885;A2;B8;C7
332;23;13;6;0,000107918;A23;B13;C6
333;23;14;2;0,000916956;A23;B14;C2
334;23;14;8;0,001756507;A23;B14;C8
335;23;15;14;4,72E-05;A23;B15;C14
336;23;15;16;7,58E-05;A23;B15;C16
337;23;15;2;0,000225582;A23;B15;C2
338;23;15;3;0,000195327;A23;B15;C3
339;23;15;4;3,03E-05;A23;B15;C4
340;23;15;7;0,000108649;A23;B15;C7
341;23;18;12;5,43E-05;A23;B18;C12
342;23;18;2;1,85E-05;A23;B18;C2
343;23;18;4;2,64E-05;A23;B18;C4
344;23;18;5;8,61E-05;A23;B18;C5
345;23;18;7;0,000378788;A23;B18;C7
346;23;27;1;8,09E-05;A23;B27;C1
347;23;27;15;0,000246498;A23;B27;C15
348;23;27;2;0,000277832;A23;B27;C2
349;23;35;12;2,22E-05;A23;B35;C12
350;23;35;3;3,95E-05;A23;B35;C3
351;23;35;4;0,000943607;A23;B35;C4
352;23;35;7;5,38E-05;A23;B35;C7
353;23;37;15;9,40E-06;A23;B37;C15
354;23;37;6;0,000240791;A23;B37;C6
355;23;38;12;0,000431744;A23;B38;C12
356;23;38;3;1,16E-08;A23;B38;C3
357;23;39;12;5,26E-06;A23;B39;C12
358;23;39;7;0,000167804;A23;B39;C7
359;23;40;2;0,000189296;A23;B40;C2
360;23;40;3;0,000147175;A23;B40;C3
361;23;40;4;1,08E-05;A23;B40;C4
362;23;40;7;2,86E-05;A23;B40;C7
363;23;41;17;0,000350484;A23;B41;C17
364;23;41;7;5,03E-05;A23;B41;C7
365;23;42;17;3,98E-05;A23;B42;C17
366;23;44;14;6,09E-05;A23;B44;C14
367;23;44;16;0,001483335;A23;B44;C16
368;23;44;17;1,32E-05;A23;B44;C17
369;23;44;2;0,001253763;A23;B44;C2
370;23;44;4;0,014832773;A23;B44;C4
371;23;44;5;0,000414605;A23;B44;C5
372;23;44;6;0,000149887;A23;B44;C6
373;23;44;7;1,70E-05;A23;B44;C7
374;23;45;6;0,001542481;A23;B45;C6
375;23;47;6;8,91E-06;A23;B47;C6
376;23;49;15;1,31E-05;A23;B49;C15
377;23;49;3;1,44E-05;A23;B49;C3
378;23;49;7;0,007268006;A23;B49;C7
379;23;50;15;1,13E-05;A23;B50;C15
380;23;50;4;0,002090472;A23;B50;C4
381;23;50;5;0,000414105;A23;B50;C5
382;23;50;6;0,002271189;A23;B50;C6
383;23;51;1;2,91E-05;A23;B51;C1
384;23;51;12;7,15E-06;A23;B51;C12
385;23;51;14;0,00011132;A23;B51;C14
386;23;51;15;0,000709496;A23;B51;C15
387;23;51;16;0,000343567;A23;B51;C16
388;23;51;2;0,000377793;A23;B51;C2
389;23;51;4;0,000497473;A23;B51;C4
390;23;51;5;1,23E-05;A23;B51;C5
391;23;52;12;3,74E-05;A23;B52;C12
392;23;52;4;1,32E-05;A23;B52;C4
393;23;53;3;1,32E-05;A23;B53;C3
394;23;53;6;5,28E-05;A23;B53;C6
395;23;53;7;1,42E-05;A23;B53;C7
396;23;55;1;0,000137892;A23;B55;C1
397;23;55;3;6,62E-05;A23;B55;C3
398;23;56;1;8,87E-06;A23;B56;C1
399;23;57;16;1,54E-05;A23;B57;C16
400;23;57;17;1,32E-05;A23;B57;C17
401;23;57;2;1,42E-05;A23;B57;C2
402;23;57;6;0,000115268;A23;B57;C6
403;23;57;7;0,000389456;A23;B57;C7
404;23;58;3;0,00011884;A23;B58;C3
405;23;58;6;1,32E-05;A23;B58;C6
406;23;58;7;0,000814603;A23;B58;C7
407;23;7;15;7,83E-05;A23;B7;C15
408;23;7;3;2,66E-05;A23;B7;C3
409;23;7;7;0,000716573;A23;B7;C7
410;23;8;3;4,41E-05;A23;B8;C3
411;23;8;7;0,001085109;A23;B8;C7
412;24;13;3;9,21E-05;A24;B13;C3
413;24;13;6;0,000994919;A24;B13;C6
414;24;14;2;0,004059675;A24;B14;C2
415;24;14;5;7,26E-05;A24;B14;C5
416;24;14;6;6,76E-05;A24;B14;C6
417;24;14;7;3,90E-06;A24;B14;C7
418;24;14;8;0,004174247;A24;B14;C8
419;24;15;1;0,000123794;A24;B15;C1
420;24;15;14;5,01E-05;A24;B15;C14
421;24;15;16;7,24E-05;A24;B15;C16
422;24;15;2;7,92E-05;A24;B15;C2
423;24;15;3;0,008352722;A24;B15;C3
424;24;15;5;1,46E-05;A24;B15;C5
425;24;15;7;0,00143787;A24;B15;C7
426;24;18;12;0,001531547;A24;B18;C12
427;24;18;2;1,32E-05;A24;B18;C2
428;24;18;3;0,000258156;A24;B18;C3
429;24;18;5;0,000838644;A24;B18;C5
430;24;18;7;0,002737861;A24;B18;C7
431;24;27;1;0,001021596;A24;B27;C1
432;24;27;15;0,00024479;A24;B27;C15
433;24;27;16;1,63E-05;A24;B27;C16
434;24;27;2;0,00302605;A24;B27;C2
435;24;27;5;4,83E-05;A24;B27;C5
436;24;27;6;0,000205303;A24;B27;C6
437;24;35;1;1,79E-05;A24;B35;C1
438;24;35;12;0,003502888;A24;B35;C12
439;24;35;15;0,000126276;A24;B35;C15
440;24;35;3;2,79E-05;A24;B35;C3
441;24;35;4;0,014828241;A24;B35;C4
442;24;35;5;3,07E-05;A24;B35;C5
443;24;37;15;5,72E-05;A24;B37;C15
444;24;37;6;0,000766315;A24;B37;C6
445;24;38;12;0,002564116;A24;B38;C12
446;24;38;4;1,33E-05;A24;B38;C4
447;24;38;6;2,31E-05;A24;B38;C6
448;24;38;7;1,20E-05;A24;B38;C7
449;24;39;12;0,000968843;A24;B39;C12
450;24;39;15;2,23E-05;A24;B39;C15
451;24;39;7;0,002731019;A24;B39;C7
452;24;40;15;0,000567033;A24;B40;C15
453;24;40;16;1,44E-05;A24;B40;C16
454;24;40;2;0,001714179;A24;B40;C2
455;24;40;3;0,001063415;A24;B40;C3
456;24;40;7;1,78E-05;A24;B40;C7
457;24;41;17;0,000435886;A24;B41;C17
458;24;41;4;1,32E-05;A24;B41;C4
459;24;41;7;8,49E-05;A24;B41;C7
460;24;42;17;1,60E-05;A24;B42;C17
461;24;44;1;5,67E-05;A24;B44;C1
462;24;44;12;3,25E-05;A24;B44;C12
463;24;44;14;0,000143239;A24;B44;C14
464;24;44;16;0,002294532;A24;B44;C16
465;24;44;2;0,000976343;A24;B44;C2
466;24;44;3;5,42E-05;A24;B44;C3
467;24;44;4;0,000798988;A24;B44;C4
468;24;44;5;0,004227311;A24;B44;C5
469;24;44;7;0,000324499;A24;B44;C7
470;24;44;8;1,46E-05;A24;B44;C8
471;24;45;16;0,002492086;A24;B45;C16
472;24;45;6;0,000149399;A24;B45;C6
473;24;47;6;8,72E-05;A24;B47;C6
474;24;49;7;0,001274672;A24;B49;C7
475;24;50;1;1,40E-05;A24;B50;C1
476;24;50;12;0,000139654;A24;B50;C12
477;24;50;15;1,88E-05;A24;B50;C15
478;24;50;4;0,000649391;A24;B50;C4
479;24;50;6;0,003741724;A24;B50;C6
480;24;50;7;3,95E-06;A24;B50;C7
481;24;51;1;0,00050371;A24;B51;C1
482;24;51;12;5,73E-05;A24;B51;C12
483;24;51;14;0,001186752;A24;B51;C14
484;24;51;15;0,002021613;A24;B51;C15
485;24;51;16;0,000845701;A24;B51;C16
486;24;51;2;0,001102051;A24;B51;C2
487;24;51;4;2,53E-05;A24;B51;C4
488;24;51;5;0,000694797;A24;B51;C5
489;24;51;7;0,000169633;A24;B51;C7
490;24;52;12;0,000292194;A24;B52;C12
491;24;52;15;6,45E-05;A24;B52;C15
492;24;53;12;2,16E-05;A24;B53;C12
493;24;53;4;0,000462347;A24;B53;C4
494;24;54;1;4,13E-05;A24;B54;C1
495;24;55;1;2,18E-05;A24;B55;C1
496;24;55;3;0,000599588;A24;B55;C3
497;24;55;5;9,24E-05;A24;B55;C5
498;24;56;1;0,000192627;A24;B56;C1
499;24;56;4;1,32E-05;A24;B56;C4
500;24;57;18;7,02E-05;A24;B57;C18
501;24;57;5;4,82E-05;A24;B57;C5
502;24;57;6;0,00093495;A24;B57;C6
503;24;57;7;0,00139648;A24;B57;C7
504;24;58;3;0,000282406;A24;B58;C3
505;24;58;7;0,000499424;A24;B58;C7
506;24;7;12;0,000131475;A24;B7;C12
507;24;7;15;2,72E-05;A24;B7;C15
508;24;7;2;4,39E-05;A24;B7;C2
509;24;7;7;0,00828746;A24;B7;C7
510;24;73;15;6,50E-05;A24;B73;C15
511;24;78;16;3,52E-08;A24;B78;C16
512;24;78;6;1,32E-05;A24;B78;C6
513;24;8;16;1,37E-05;A24;B8;C16
514;24;8;3;0,000551923;A24;B8;C3
515;24;8;4;1,33E-05;A24;B8;C4
516;24;8;7;0,005384277;A24;B8;C7
517;24;82;3;1,32E-05;A24;B82;C3
518;25;13;6;2,27E-05;A25;B13;C6
519;25;14;2;1,20E-05;A25;B14;C2
520;25;14;6;3,71E-05;A25;B14;C6
521;25;14;8;0,000113307;A25;B14;C8
522;25;15;12;1,19E-06;A25;B15;C12
523;25;15;3;0,00301983;A25;B15;C3
524;25;18;12;0,005962208;A25;B18;C12
525;25;18;5;5,62E-05;A25;B18;C5
526;25;18;7;4,84E-06;A25;B18;C7
527;25;27;1;1,11E-05;A25;B27;C1
528;25;27;15;1,31E-05;A25;B27;C15
529;25;35;12;6,31E-05;A25;B35;C12
530;25;35;4;0,000652715;A25;B35;C4
531;25;35;5;1,15E-05;A25;B35;C5
532;25;37;6;0,000127316;A25;B37;C6
533;25;38;12;6,90E-05;A25;B38;C12
534;25;38;15;1,07E-05;A25;B38;C15
535;25;39;12;0,000498461;A25;B39;C12
536;25;39;7;4,72E-05;A25;B39;C7
537;25;40;15;0,000816874;A25;B40;C15
538;25;40;2;6,32E-05;A25;B40;C2
539;25;41;17;3,30E-05;A25;B41;C17
540;25;42;17;2,63E-05;A25;B42;C17
541;25;44;12;1,43E-05;A25;B44;C12
542;25;44;16;0,00030881;A25;B44;C16
543;25;44;2;0,000234543;A25;B44;C2
544;25;44;5;0,000796716;A25;B44;C5
545;25;45;16;1,32E-05;A25;B45;C16
546;25;49;7;3,09E-05;A25;B49;C7
547;25;50;12;1,74E-06;A25;B50;C12
548;25;50;6;0,000150026;A25;B50;C6
549;25;50;7;1,46E-05;A25;B50;C7
550;25;51;1;7,87E-06;A25;B51;C1
551;25;51;12;0,000401134;A25;B51;C12
552;25;51;14;0,000322002;A25;B51;C14
553;25;51;15;6,99E-05;A25;B51;C15
554;25;51;2;5,70E-05;A25;B51;C2
555;25;51;3;0,000653668;A25;B51;C3
556;25;51;5;1,21E-05;A25;B51;C5
557;25;53;4;4,17E-05;A25;B53;C4
558;25;54;1;1,13E-05;A25;B54;C1
559;25;55;3;3,38E-05;A25;B55;C3
560;25;56;1;6,53E-13;A25;B56;C1
561;25;57;4;1,07E-05;A25;B57;C4
562;25;57;6;0,000216208;A25;B57;C6
563;25;58;3;1,19E-05;A25;B58;C3
564;25;58;7;3,18E-05;A25;B58;C7
565;25;7;2;6,66E-07;A25;B7;C2
566;25;7;7;0,000578596;A25;B7;C7
567;25;8;7;0,00035741;A25;B8;C7
568;26;13;6;0,000408694;A26;B13;C6
569;26;14;2;4,55E-06;A26;B14;C2
570;26;14;7;2,00E-05;A26;B14;C7
571;26;14;8;0,001795016;A26;B14;C8
572;26;15;12;1,10E-05;A26;B15;C12
573;26;15;14;5,72E-05;A26;B15;C14
574;26;15;2;6,61E-05;A26;B15;C2
575;26;15;3;0,00092328;A26;B15;C3
576;26;15;4;3,64E-05;A26;B15;C4
577;26;15;7;0,000156481;A26;B15;C7
578;26;18;12;0,000139376;A26;B18;C12
579;26;18;2;3,27E-05;A26;B18;C2
580;26;18;5;0,000160162;A26;B18;C5
581;26;18;7;0,001002963;A26;B18;C7
582;26;27;1;0,000305277;A26;B27;C1
583;26;27;15;1,68E-05;A26;B27;C15
584;26;27;2;0,000385016;A26;B27;C2
585;26;27;5;0,000105515;A26;B27;C5
586;26;27;7;2,67E-05;A26;B27;C7
587;26;35;1;2,38E-05;A26;B35;C1
588;26;35;12;0,00071068;A26;B35;C12
589;26;35;16;1,47E-07;A26;B35;C16
590;26;35;4;0,000993573;A26;B35;C4
591;26;35;5;1,59E-05;A26;B35;C5
592;26;37;12;1,32E-05;A26;B37;C12
593;26;37;6;0,000350056;A26;B37;C6
594;26;38;12;0,009188939;A26;B38;C12
595;26;38;6;1,34E-05;A26;B38;C6
596;26;39;12;0,000256302;A26;B39;C12
597;26;39;7;4,53E-05;A26;B39;C7
598;26;40;1;0,000101397;A26;B40;C1
599;26;40;15;5,07E-05;A26;B40;C15
600;26;40;2;0,000461255;A26;B40;C2
601;26;40;3;0,000499193;A26;B40;C3
602;26;40;7;5,52E-05;A26;B40;C7
603;26;41;17;0,000100049;A26;B41;C17
604;26;44;1;5,97E-05;A26;B44;C1
605;26;44;14;7,58E-05;A26;B44;C14
606;26;44;16;0,000637203;A26;B44;C16
607;26;44;4;0,001305538;A26;B44;C4
608;26;44;5;0,000701998;A26;B44;C5
609;26;44;6;2,18E-05;A26;B44;C6
610;26;44;7;3,19E-05;A26;B44;C7
611;26;45;12;2,55E-05;A26;B45;C12
612;26;45;6;0,000421547;A26;B45;C6
613;26;47;7;1,08E-05;A26;B47;C7
614;26;49;2;0,000244644;A26;B49;C2
615;26;49;7;0,001814015;A26;B49;C7
616;26;50;4;3,32E-05;A26;B50;C4
617;26;50;6;6,39E-05;A26;B50;C6
618;26;50;7;1,68E-05;A26;B50;C7
619;26;51;1;0,000221816;A26;B51;C1
620;26;51;12;0,00036962;A26;B51;C12
621;26;51;14;0,001266707;A26;B51;C14
622;26;51;15;0,000725154;A26;B51;C15
623;26;51;16;0,000229159;A26;B51;C16
624;26;51;2;0,000104268;A26;B51;C2
625;26;51;3;3,63E-05;A26;B51;C3
626;26;51;4;6,01E-05;A26;B51;C4
627;26;51;5;9,04E-05;A26;B51;C5
628;26;51;7;3,05E-05;A26;B51;C7
629;26;52;12;0,000291657;A26;B52;C12
630;26;53;4;0,000287252;A26;B53;C4
631;26;55;1;0,000190014;A26;B55;C1
632;26;55;3;0,001781235;A26;B55;C3
633;26;56;1;0,000425275;A26;B56;C1
634;26;57;12;1,66E-05;A26;B57;C12
635;26;57;6;0,000342103;A26;B57;C6
636;26;57;7;9,36E-05;A26;B57;C7
637;26;58;3;4,58E-05;A26;B58;C3
638;26;58;6;1,24E-05;A26;B58;C6
639;26;58;7;0,000186436;A26;B58;C7
640;26;7;12;1,52E-05;A26;B7;C12
641;26;7;15;0,000152776;A26;B7;C15
642;26;7;5;1,22E-05;A26;B7;C5
643;26;7;7;0,001150201;A26;B7;C7
644;26;78;16;2,28E-05;A26;B78;C16
645;26;8;3;0,000248949;A26;B8;C3
646;26;8;7;0,000508891;A26;B8;C7
647;29;13;6;0,00013821;A29;B13;C6
648;29;14;16;2,77E-07;A29;B14;C16
649;29;14;2;1,49E-05;A29;B14;C2
650;29;14;6;1,32E-05;A29;B14;C6
651;29;14;8;0,001531608;A29;B14;C8
652;29;15;1;3,88E-05;A29;B15;C1
653;29;15;14;0,000100173;A29;B15;C14
654;29;15;16;0,000570908;A29;B15;C16
655;29;15;2;0,000995503;A29;B15;C2
656;29;15;3;0,000622298;A29;B15;C3
657;29;15;6;1,28E-05;A29;B15;C6
658;29;15;7;0,000174309;A29;B15;C7
659;29;18;12;0,000172643;A29;B18;C12
660;29;18;16;1,40E-05;A29;B18;C16
661;29;18;2;2,39E-05;A29;B18;C2
662;29;18;5;0,000355795;A29;B18;C5
663;29;18;7;0,000113634;A29;B18;C7
664;29;27;1;0,000162242;A29;B27;C1
665;29;27;2;0,000153721;A29;B27;C2
666;29;27;7;3,79E-06;A29;B27;C7
667;29;35;12;9,72E-05;A29;B35;C12
668;29;35;15;2,22E-05;A29;B35;C15
669;29;35;16;9,17E-06;A29;B35;C16
670;29;35;2;1,81E-05;A29;B35;C2
671;29;35;4;0,002010588;A29;B35;C4
672;29;35;7;4,57E-05;A29;B35;C7
673;29;37;16;2,63E-05;A29;B37;C16
674;29;37;6;0,000342584;A29;B37;C6
675;29;38;12;0,000441809;A29;B38;C12
676;29;38;16;0,000436363;A29;B38;C16
677;29;39;12;0,000304662;A29;B39;C12
678;29;39;15;2,74E-05;A29;B39;C15
679;29;39;3;5,15E-05;A29;B39;C3
680;29;39;7;5,69E-05;A29;B39;C7
681;29;40;15;1,62E-05;A29;B40;C15
682;29;40;2;0,000180482;A29;B40;C2
683;29;40;3;0,001107957;A29;B40;C3
684;29;40;7;9,81E-06;A29;B40;C7
685;29;41;16;2,57E-05;A29;B41;C16
686;29;41;17;1,95E-05;A29;B41;C17
687;29;42;17;3,66E-05;A29;B42;C17
688;29;44;1;2,25E-05;A29;B44;C1
689;29;44;12;1,08E-05;A29;B44;C12
690;29;44;14;1,69E-05;A29;B44;C14
691;29;44;15;2,10E-05;A29;B44;C15
692;29;44;16;0,028787603;A29;B44;C16
693;29;44;2;0,000144369;A29;B44;C2
694;29;44;3;3,02E-05;A29;B44;C3
695;29;44;4;0,00074533;A29;B44;C4
696;29;44;5;0,00064928;A29;B44;C5
697;29;44;7;8,11E-05;A29;B44;C7
698;29;45;16;0,000565537;A29;B45;C16
699;29;45;6;0,002721729;A29;B45;C6
700;29;47;6;2,72E-05;A29;B47;C6
701;29;49;16;1,34E-05;A29;B49;C16
702;29;49;6;1,33E-05;A29;B49;C6
703;29;49;7;0,000709083;A29;B49;C7
704;29;50;16;7,60E-06;A29;B50;C16
705;29;50;17;1,32E-05;A29;B50;C17
706;29;50;4;6,86E-05;A29;B50;C4
707;29;50;5;6,79E-05;A29;B50;C5
708;29;50;6;0,000443897;A29;B50;C6
709;29;51;1;2,88E-05;A29;B51;C1
710;29;51;12;1,56E-05;A29;B51;C12
711;29;51;14;0,000755526;A29;B51;C14
712;29;51;15;0,001363712;A29;B51;C15
713;29;51;16;0,000265916;A29;B51;C16
714;29;51;2;0,000417666;A29;B51;C2
715;29;51;3;2,83E-05;A29;B51;C3
716;29;51;4;3,95E-05;A29;B51;C4
717;29;51;5;3,44E-05;A29;B51;C5
718;29;51;6;1,35E-05;A29;B51;C6
719;29;51;7;8,54E-05;A29;B51;C7
720;29;52;12;5,66E-05;A29;B52;C12
721;29;53;1;1,50E-05;A29;B53;C1
722;29;53;4;0,000463563;A29;B53;C4
723;29;53;5;5,84E-07;A29;B53;C5
724;29;53;7;1,32E-05;A29;B53;C7
725;29;55;3;0,000136446;A29;B55;C3
726;29;56;1;2,42E-05;A29;B56;C1
727;29;57;12;1,28E-05;A29;B57;C12
728;29;57;18;2,60E-05;A29;B57;C18
729;29;57;5;5,90E-06;A29;B57;C5
730;29;57;6;9,25E-05;A29;B57;C6
731;29;57;7;0,000479571;A29;B57;C7
732;29;58;3;0,000108469;A29;B58;C3
733;29;58;7;0,000983322;A29;B58;C7
734;29;7;15;0,000537149;A29;B7;C15
735;29;7;16;5,77E-05;A29;B7;C16
736;29;7;7;0,00140063;A29;B7;C7
737;29;8;5;1,40E-05;A29;B8;C5
738;29;8;7;0,000400338;A29;B8;C7
739;3;13;6;0,00127974;A3;B13;C6
740;3;13;7;0,000112935;A3;B13;C7
741;3;14;12;4,45E-05;A3;B14;C12
742;3;14;15;0,00125387;A3;B14;C15
743;3;14;4;1,19E-05;A3;B14;C4
744;3;14;6;2,91E-05;A3;B14;C6
745;3;14;7;1,36E-05;A3;B14;C7
746;3;14;8;0,006089776;A3;B14;C8
747;3;15;14;0,000102461;A3;B15;C14
748;3;15;16;2,29E-05;A3;B15;C16
749;3;15;17;2,77E-05;A3;B15;C17
750;3;15;2;0,000145178;A3;B15;C2
751;3;15;3;0,002294804;A3;B15;C3
752;3;15;4;0,000206521;A3;B15;C4
753;3;15;7;0,00157613;A3;B15;C7
754;3;15;8;1,98E-05;A3;B15;C8
755;3;18;1;0,000676983;A3;B18;C1
756;3;18;12;0,001210383;A3;B18;C12
757;3;18;2;0,003239291;A3;B18;C2
758;3;18;5;0,000436806;A3;B18;C5
759;3;18;7;0,000344534;A3;B18;C7
760;3;27;1;0,000894519;A3;B27;C1
761;3;27;14;1,47E-05;A3;B27;C14
762;3;27;2;0,001882387;A3;B27;C2
763;3;27;3;0,000156879;A3;B27;C3
764;3;27;5;1,99E-05;A3;B27;C5
765;3;27;7;3,74E-05;A3;B27;C7
766;3;35;12;0,000565289;A3;B35;C12
767;3;35;15;0,000134904;A3;B35;C15
768;3;35;2;6,15E-05;A3;B35;C2
769;3;35;3;0,000481946;A3;B35;C3
770;3;35;4;0,022399499;A3;B35;C4
771;3;35;6;9,93E-05;A3;B35;C6
772;3;35;8;1,36E-05;A3;B35;C8
773;3;37;6;0,000487693;A3;B37;C6
774;3;37;7;7,58E-05;A3;B37;C7
775;3;38;12;0,002654353;A3;B38;C12
776;3;38;2;9,14E-06;A3;B38;C2
777;3;39;12;0,000585912;A3;B39;C12
778;3;39;15;1,82E-05;A3;B39;C15
779;3;39;7;0,000371534;A3;B39;C7
780;3;40;15;3,22E-05;A3;B40;C15
781;3;40;2;0,00059717;A3;B40;C2
782;3;40;3;0,002141415;A3;B40;C3
783;3;40;6;8,91E-06;A3;B40;C6
784;3;40;8;4,30E-06;A3;B40;C8
785;3;41;17;0,001013735;A3;B41;C17
786;3;41;6;6,61E-05;A3;B41;C6
787;3;41;7;2,13E-05;A3;B41;C7
788;3;44;12;8,68E-05;A3;B44;C12
789;3;44;15;9,06E-05;A3;B44;C15
790;3;44;16;0,001396989;A3;B44;C16
791;3;44;2;0,000272658;A3;B44;C2
792;3;44;3;1,83E-05;A3;B44;C3
793;3;44;4;0,001307272;A3;B44;C4
794;3;44;5;0,001718511;A3;B44;C5
795;3;44;7;0,000514561;A3;B44;C7
796;3;45;16;0,000275546;A3;B45;C16
797;3;45;6;0,000733699;A3;B45;C6
798;3;46;1;8,08E-06;A3;B46;C1
799;3;47;6;0,001007489;A3;B47;C6
800;3;47;7;1,48E-05;A3;B47;C7
801;3;49;6;1,51E-05;A3;B49;C6
802;3;49;7;0,003334969;A3;B49;C7
803;3;50;15;0,00047529;A3;B50;C15
804;3;50;17;1,39E-05;A3;B50;C17
805;3;50;3;1,59E-05;A3;B50;C3
806;3;50;5;3,14E-05;A3;B50;C5
807;3;50;6;0,001893894;A3;B50;C6
808;3;50;7;8,51E-05;A3;B50;C7
809;3;51;1;7,52E-05;A3;B51;C1
810;3;51;12;4,05E-05;A3;B51;C12
811;3;51;14;0,001663136;A3;B51;C14
812;3;51;15;0,004083509;A3;B51;C15
813;3;51;16;0,000230928;A3;B51;C16
814;3;51;2;0,000858389;A3;B51;C2
815;3;51;3;9,22E-05;A3;B51;C3
816;3;51;4;2,02E-05;A3;B51;C4
817;3;51;5;0,000330046;A3;B51;C5
818;3;51;7;0,000209146;A3;B51;C7
819;3;51;8;2,63E-05;A3;B51;C8
820;3;52;12;0,000361223;A3;B52;C12
821;3;52;4;4,11E-05;A3;B52;C4
822;3;53;15;6,22E-05;A3;B53;C15
823;3;53;4;0,000226228;A3;B53;C4
824;3;55;1;8,33E-05;A3;B55;C1
825;3;55;3;0,000596242;A3;B55;C3
826;3;55;5;1,32E-05;A3;B55;C5
827;3;55;7;5,87E-06;A3;B55;C7
828;3;56;1;0,000158735;A3;B56;C1
829;3;56;15;7,08E-06;A3;B56;C15
830;3;56;2;2,64E-05;A3;B56;C2
831;3;57;18;0,000275164;A3;B57;C18
832;3;57;4;8,72E-05;A3;B57;C4
833;3;57;5;1,38E-05;A3;B57;C5
834;3;57;6;0,001185199;A3;B57;C6
835;3;57;7;0,000223944;A3;B57;C7
836;3;58;3;0,00013513;A3;B58;C3
837;3;58;6;3,36E-05;A3;B58;C6
838;3;58;7;0,000729623;A3;B58;C7
839;3;7;15;0,001620223;A3;B7;C15
840;3;7;7;0,020677122;A3;B7;C7
841;3;73;15;2,37E-05;A3;B73;C15
842;3;78;16;7,78E-06;A3;B78;C16
843;3;8;3;1,99E-05;A3;B8;C3
844;3;8;7;0,002081634;A3;B8;C7
845;30;13;6;0,005194991;A30;B13;C6
846;30;13;8;1,32E-05;A30;B13;C8
847;30;14;16;6,02E-06;A30;B14;C16
848;30;14;2;3,06E-05;A30;B14;C2
849;30;14;8;0,002609527;A30;B14;C8
850;30;15;14;1,93E-05;A30;B15;C14
851;30;15;2;0,000113736;A30;B15;C2
852;30;15;3;0,000682703;A30;B15;C3
853;30;15;7;3,34E-05;A30;B15;C7
854;30;18;1;6,87E-06;A30;B18;C1
855;30;18;2;2,63E-05;A30;B18;C2
856;30;18;5;0,007044546;A30;B18;C5
857;30;18;7;0,000386269;A30;B18;C7
858;30;27;1;2,43E-05;A30;B27;C1
859;30;27;2;0,001142777;A30;B27;C2
860;30;27;5;0,000176587;A30;B27;C5
861;30;27;7;2,62E-05;A30;B27;C7
862;30;35;14;9,21E-05;A30;B35;C14
863;30;35;15;1,89E-05;A30;B35;C15
864;30;35;16;1,48E-05;A30;B35;C16
865;30;35;4;0,001335322;A30;B35;C4
866;30;35;6;7,17E-05;A30;B35;C6
867;30;37;4;2,63E-05;A30;B37;C4
868;30;37;6;7,93E-05;A30;B37;C6
869;30;38;12;0,00026309;A30;B38;C12
870;30;39;12;0,000319387;A30;B39;C12
871;30;39;5;1,10E-05;A30;B39;C5
872;30;39;7;9,04E-05;A30;B39;C7
873;30;40;15;1,49E-05;A30;B40;C15
874;30;40;2;0,000137213;A30;B40;C2
875;30;40;3;0,000193893;A30;B40;C3
876;30;41;15;1,25E-05;A30;B41;C15
877;30;41;17;0,000138861;A30;B41;C17
878;30;41;4;6,58E-05;A30;B41;C4
879;30;41;6;1,37E-05;A30;B41;C6
880;30;41;7;2,39E-05;A30;B41;C7
881;30;42;17;0,000729897;A30;B42;C17
882;30;44;16;0,000582439;A30;B44;C16
883;30;44;2;1,84E-05;A30;B44;C2
884;30;44;4;0,000283778;A30;B44;C4
885;30;44;5;0,000211539;A30;B44;C5
886;30;44;6;3,96E-05;A30;B44;C6
887;30;44;7;8,61E-05;A30;B44;C7
888;30;45;17;1,32E-05;A30;B45;C17
889;30;45;6;9,97E-06;A30;B45;C6
890;30;49;7;0,001203193;A30;B49;C7
891;30;50;16;2,65E-06;A30;B50;C16
892;30;50;4;9,75E-05;A30;B50;C4
893;30;50;6;0,000253551;A30;B50;C6
894;30;51;1;1,66E-05;A30;B51;C1
895;30;51;14;0,000401699;A30;B51;C14
896;30;51;15;0,00013964;A30;B51;C15
897;30;51;16;0,000648301;A30;B51;C16
898;30;51;2;0,000299123;A30;B51;C2
899;30;52;12;2,40E-05;A30;B52;C12
900;30;52;16;1,32E-05;A30;B52;C16
901;30;53;15;0,000631095;A30;B53;C15
902;30;53;4;0,000467173;A30;B53;C4
903;30;53;5;1,98E-07;A30;B53;C5
904;30;55;1;8,45E-06;A30;B55;C1
905;30;55;3;0,000192683;A30;B55;C3
906;30;55;5;2,68E-05;A30;B55;C5
907;30;56;1;2,77E-11;A30;B56;C1
908;30;56;2;1,02E-05;A30;B56;C2
909;30;57;14;2,69E-05;A30;B57;C14
910;30;57;18;1,33E-05;A30;B57;C18
911;30;57;5;2,58E-05;A30;B57;C5
912;30;57;6;2,74E-05;A30;B57;C6
913;30;57;7;7,91E-05;A30;B57;C7
914;30;58;3;4,16E-05;A30;B58;C3
915;30;58;6;1,32E-05;A30;B58;C6
916;30;58;7;9,15E-05;A30;B58;C7
917;30;67;12;9,13E-06;A30;B67;C12
918;30;7;15;1,60E-05;A30;B7;C15
919;30;7;16;1,25E-05;A30;B7;C16
920;30;7;7;0,000149609;A30;B7;C7
921;30;8;3;1,27E-05;A30;B8;C3
922;30;8;5;1,33E-05;A30;B8;C5
923;30;8;7;0,000838869;A30;B8;C7
924;30;81;18;1,32E-05;A30;B81;C18
925;31;13;6;0,00034571;A31;B13;C6
926;31;14;15;1,14E-05;A31;B14;C15
927;31;14;2;0,00016473;A31;B14;C2
928;31;14;8;0,001573252;A31;B14;C8
929;31;15;14;2,64E-05;A31;B15;C14
930;31;15;15;2,73E-06;A31;B15;C15
931;31;15;2;4,25E-05;A31;B15;C2
932;31;15;3;0,00069355;A31;B15;C3
933;31;15;4;0,000148906;A31;B15;C4
934;31;15;5;3,15E-05;A31;B15;C5
935;31;15;6;3,69E-05;A31;B15;C6
936;31;15;7;0,000122132;A31;B15;C7
937;31;18;1;1,45E-05;A31;B18;C1
938;31;18;12;0,000296447;A31;B18;C12
939;31;18;2;2,04E-05;A31;B18;C2
940;31;18;3;1,08E-05;A31;B18;C3
941;31;18;5;0,000372854;A31;B18;C5
942;31;18;7;0,000249557;A31;B18;C7
943;31;27;1;0,00045435;A31;B27;C1
944;31;27;2;0,000216693;A31;B27;C2
945;31;27;5;9,44E-06;A31;B27;C5
946;31;35;12;0,000319832;A31;B35;C12
947;31;35;15;1,35E-05;A31;B35;C15
948;31;35;3;6,06E-05;A31;B35;C3
949;31;35;4;0,00099093;A31;B35;C4
950;31;35;6;3,72E-05;A31;B35;C6
951;31;37;6;0,000469188;A31;B37;C6
952;31;38;12;0,000216817;A31;B38;C12
953;31;39;12;0,000511864;A31;B39;C12
954;31;39;7;5,61E-05;A31;B39;C7
955;31;40;15;1,95E-05;A31;B40;C15
956;31;40;2;0,000504845;A31;B40;C2
957;31;40;3;0,002918302;A31;B40;C3
958;31;40;7;1,41E-06;A31;B40;C7
959;31;41;17;3,16E-05;A31;B41;C17
960;31;41;2;2,63E-05;A31;B41;C2
961;31;42;17;2,65E-05;A31;B42;C17
962;31;44;12;0,000127983;A31;B44;C12
963;31;44;14;1,20E-05;A31;B44;C14
964;31;44;15;1,28E-05;A31;B44;C15
965;31;44;16;0,000811942;A31;B44;C16
966;31;44;2;7,19E-05;A31;B44;C2
967;31;44;4;0,000368991;A31;B44;C4
968;31;44;5;0,000657623;A31;B44;C5
969;31;44;7;3,16E-05;A31;B44;C7
970;31;45;16;5,78E-05;A31;B45;C16
971;31;47;6;2,57E-05;A31;B47;C6
972;31;47;7;0,000457139;A31;B47;C7
973;31;48;4;1,32E-05;A31;B48;C4
974;31;48;8;2,24E-09;A31;B48;C8
975;31;49;7;0,000142144;A31;B49;C7
976;31;50;6;0,000180919;A31;B50;C6
977;31;51;1;3,61E-05;A31;B51;C1
978;31;51;12;0,000616831;A31;B51;C12
979;31;51;14;0,000322457;A31;B51;C14
980;31;51;15;0,006056058;A31;B51;C15
981;31;51;16;0,000147183;A31;B51;C16
982;31;51;3;2,74E-05;A31;B51;C3
983;31;51;4;0,000173037;A31;B51;C4
984;31;51;5;0,000911805;A31;B51;C5
985;31;51;7;2,13E-06;A31;B51;C7
986;31;52;12;2,27E-05;A31;B52;C12
987;31;53;15;1,35E-05;A31;B53;C15
988;31;53;4;7,32E-05;A31;B53;C4
989;31;53;7;2,63E-05;A31;B53;C7
990;31;55;3;0,000330363;A31;B55;C3
991;31;56;1;0,000287665;A31;B56;C1
992;31;57;1;1,35E-05;A31;B57;C1
993;31;57;6;0,000466306;A31;B57;C6
994;31;57;7;0,000639104;A31;B57;C7
995;31;58;18;1,32E-05;A31;B58;C18
996;31;58;3;2,50E-05;A31;B58;C3
997;31;58;7;2,22E-05;A31;B58;C7
998;31;67;12;0,000144013;A31;B67;C12
999;31;7;15;1,55E-05;A31;B7;C15
1000;31;7;7;0,000378093;A31;B7;C7
1001;31;8;12;1,20E-05;A31;B8;C12
1002;31;8;7;0,000392178;A31;B8;C7
1003;32;13;6;0,000413999;A32;B13;C6
1004;32;14;15;0,000205756;A32;B14;C15
1005;32;14;2;1,75E-06;A32;B14;C2
1006;32;14;5;1,32E-05;A32;B14;C5
1007;32;14;8;0,007008703;A32;B14;C8
1008;32;15;14;1,45E-05;A32;B15;C14
1009;32;15;2;3,36E-05;A32;B15;C2
1010;32;15;3;0,0016456;A32;B15;C3
1011;32;15;5;6,06E-05;A32;B15;C5
1012;32;15;7;0,000550919;A32;B15;C7
1013;32;18;12;0,000167053;A32;B18;C12
1014;32;18;2;4,89E-05;A32;B18;C2
1015;32;18;3;1,38E-05;A32;B18;C3
1016;32;18;4;1,34E-05;A32;B18;C4
1017;32;18;5;7,43E-05;A32;B18;C5
1018;32;18;7;0,000169088;A32;B18;C7
1019;32;27;1;0,001586028;A32;B27;C1
1020;32;27;15;0,000142912;A32;B27;C15
1021;32;27;2;0,001064048;A32;B27;C2
1022;32;27;6;0,00063407;A32;B27;C6
1023;32;27;7;5,08E-05;A32;B27;C7
1024;32;35;12;0,000238419;A32;B35;C12
1025;32;35;14;1,34E-05;A32;B35;C14
1026;32;35;16;5,17E-05;A32;B35;C16
1027;32;35;3;1,11E-05;A32;B35;C3
1028;32;35;4;0,005070181;A32;B35;C4
1029;32;35;5;0,000122853;A32;B35;C5
1030;32;35;7;2,28E-05;A32;B35;C7
1031;32;38;12;0,00045359;A32;B38;C12
1032;32;38;6;1,55E-05;A32;B38;C6
1033;32;39;12;0,000451863;A32;B39;C12
1034;32;39;7;0,000718229;A32;B39;C7
1035;32;40;14;8,64E-06;A32;B40;C14
1036;32;40;15;0,000140344;A32;B40;C15
1037;32;40;2;0,00397977;A32;B40;C2
1038;32;40;3;0,000545016;A32;B40;C3
1039;32;40;5;4,70E-05;A32;B40;C5
1040;32;41;17;0,000122827;A32;B41;C17
1041;32;41;7;7,43E-05;A32;B41;C7
1042;32;42;17;2,69E-05;A32;B42;C17
1043;32;44;1;2,82E-05;A32;B44;C1
1044;32;44;16;0,000230056;A32;B44;C16
1045;32;44;2;0,000347443;A32;B44;C2
1046;32;44;3;7,86E-05;A32;B44;C3
1047;32;44;4;0,000117149;A32;B44;C4
1048;32;44;5;0,002551179;A32;B44;C5
1049;32;44;7;0,000197629;A32;B44;C7
1050;32;45;16;1,59E-05;A32;B45;C16
1051;32;45;6;1,82E-05;A32;B45;C6
1052;32;47;6;5,46E-06;A32;B47;C6
1053;32;47;7;0,000218884;A32;B47;C7
1054;32;49;7;0,002612746;A32;B49;C7
1055;32;50;17;1,32E-05;A32;B50;C17
1056;32;50;5;4,31E-05;A32;B50;C5
1057;32;50;6;0,000384461;A32;B50;C6
1058;32;50;7;3,17E-10;A32;B50;C7
1059;32;51;1;0,000345538;A32;B51;C1
1060;32;51;12;0,000766904;A32;B51;C12
1061;32;51;14;0,000247813;A32;B51;C14
1062;32;51;15;0,000971865;A32;B51;C15
1063;32;51;16;0,000162789;A32;B51;C16
1064;32;51;2;8,34E-05;A32;B51;C2
1065;32;51;3;0,000179629;A32;B51;C3
1066;32;52;12;0,000195259;A32;B52;C12
1067;32;53;4;0,000907511;A32;B53;C4
1068;32;55;1;5,99E-06;A32;B55;C1
1069;32;55;3;0,000168563;A32;B55;C3
1070;32;55;5;1,32E-05;A32;B55;C5
1071;32;57;18;6,45E-06;A32;B57;C18
1072;32;57;2;2,46E-05;A32;B57;C2
1073;32;57;6;0,000173125;A32;B57;C6
1074;32;57;7;6,54E-05;A32;B57;C7
1075;32;58;12;1,34E-05;A32;B58;C12
1076;32;58;3;3,75E-05;A32;B58;C3
1077;32;58;7;6,32E-05;A32;B58;C7
1078;32;67;12;1,11E-05;A32;B67;C12
1079;32;67;2;3,03E-08;A32;B67;C2
1080;32;7;15;6,90E-05;A32;B7;C15
1081;32;7;2;4,00E-05;A32;B7;C2
1082;32;7;5;2,53E-05;A32;B7;C5
1083;32;7;7;0,00093795;A32;B7;C7
1084;32;73;15;2,59E-05;A32;B73;C15
1085;32;8;1;1,33E-05;A32;B8;C1
1086;32;8;16;1,32E-05;A32;B8;C16
1087;32;8;5;6,16E-06;A32;B8;C5
1088;32;8;7;0,000714763;A32;B8;C7
1089;33;13;2;1,32E-05;A33;B13;C2
1090;33;13;6;0,00011179;A33;B13;C6
1091;33;14;2;1,20E-05;A33;B14;C2
1092;33;14;8;0,023509314;A33;B14;C8
1093;33;15;14;3,47E-05;A33;B15;C14
1094;33;15;2;2,34E-05;A33;B15;C2
1095;33;15;3;5,14E-05;A33;B15;C3
1096;33;15;7;0,000197852;A33;B15;C7
1097;33;15;8;7,86E-05;A33;B15;C8
1098;33;18;12;9,26E-05;A33;B18;C12
1099;33;18;3;7,56E-06;A33;B18;C3
1100;33;18;5;5,54E-05;A33;B18;C5
1101;33;18;7;0,000189339;A33;B18;C7
1102;33;27;1;6,65E-05;A33;B27;C1
1103;33;27;15;1,11E-05;A33;B27;C15
1104;33;27;2;0,000202194;A33;B27;C2
1105;33;35;1;3,24E-05;A33;B35;C1
1106;33;35;12;9,59E-05;A33;B35;C12
1107;33;35;15;5,15E-06;A33;B35;C15
1108;33;35;4;0,000819398;A33;B35;C4
1109;33;35;8;2,79E-05;A33;B35;C8
1110;33;37;2;2,63E-05;A33;B37;C2
1111;33;37;6;2,97E-07;A33;B37;C6
1112;33;38;12;0,000180282;A33;B38;C12
1113;33;39;12;0,000387579;A33;B39;C12
1114;33;39;7;3,28E-05;A33;B39;C7
1115;33;40;1;1,33E-05;A33;B40;C1
1116;33;40;15;3,74E-06;A33;B40;C15
1117;33;40;3;0,000110541;A33;B40;C3
1118;33;41;17;2,93E-05;A33;B41;C17
1119;33;42;17;3,93E-05;A33;B42;C17
1120;33;44;16;0,000583628;A33;B44;C16
1121;33;44;2;0,002154374;A33;B44;C2
1122;33;44;3;1,31E-05;A33;B44;C3
1123;33;44;4;0,000206715;A33;B44;C4
1124;33;44;5;0,000264273;A33;B44;C5
1125;33;44;7;0,000169102;A33;B44;C7
1126;33;44;8;2,66E-05;A33;B44;C8
1127;33;45;16;4,71E-05;A33;B45;C16
1128;33;47;7;1,30E-05;A33;B47;C7
1129;33;49;7;0,000475087;A33;B49;C7
1130;33;50;6;0,001752685;A33;B50;C6
1131;33;51;14;0,00016995;A33;B51;C14
1132;33;51;15;0,000246955;A33;B51;C15
1133;33;51;16;3,93E-05;A33;B51;C16
1134;33;51;2;0,000321762;A33;B51;C2
1135;33;51;7;8,27E-05;A33;B51;C7
1136;33;52;12;0,000160132;A33;B52;C12
1137;33;52;15;1,41E-05;A33;B52;C15
1138;33;53;4;5,11E-05;A33;B53;C4
1139;33;53;6;1,32E-05;A33;B53;C6
1140;33;55;3;2,69E-06;A33;B55;C3
1141;33;56;1;2,73E-05;A33;B56;C1
1142;33;57;6;0,000107405;A33;B57;C6
1143;33;57;7;6,22E-05;A33;B57;C7
1144;33;58;3;0,000908601;A33;B58;C3
1145;33;7;15;6,10E-05;A33;B7;C15
1146;33;7;2;0,000146453;A33;B7;C2
1147;33;7;6;1,09E-05;A33;B7;C6
1148;33;7;7;0,000185149;A33;B7;C7
1149;33;78;16;0,000118563;A33;B78;C16
1150;33;8;3;1,45E-05;A33;B8;C3
1151;33;8;7;0,000176167;A33;B8;C7
1152;33;8;8;2,48E-05;A33;B8;C8
1153;34;14;8;9,97E-05;A34;B14;C8
1154;34;15;3;0,000116793;A34;B15;C3
1155;34;15;6;1,32E-05;A34;B15;C6
1156;34;18;5;3,58E-05;A34;B18;C5
1157;34;27;6;1,32E-05;A34;B27;C6
1158;34;35;4;5,85E-05;A34;B35;C4
1159;34;35;6;3,95E-05;A34;B35;C6
1160;34;39;12;1,66E-05;A34;B39;C12
1161;34;41;17;2,75E-05;A34;B41;C17
1162;34;41;7;1,28E-05;A34;B41;C7
1163;34;42;17;1,32E-05;A34;B42;C17
1164;34;44;16;4,32E-05;A34;B44;C16
1165;34;44;2;9,87E-06;A34;B44;C2
1166;34;44;5;0,000106904;A34;B44;C5
1167;34;45;4;1,33E-05;A34;B45;C4
1168;34;45;6;1,31E-05;A34;B45;C6
1169;34;49;7;1,75E-05;A34;B49;C7
1170;34;50;6;3,47E-05;A34;B50;C6
1171;34;51;15;5,46E-05;A34;B51;C15
1172;34;51;16;5,27E-05;A34;B51;C16
1173;34;51;2;6,98E-06;A34;B51;C2
1174;34;51;3;1,35E-05;A34;B51;C3
1175;34;52;12;1,90E-05;A34;B52;C12
1176;34;52;16;2,89E-05;A34;B52;C16
1177;34;55;1;3,91E-05;A34;B55;C1
1178;34;57;6;0,000386481;A34;B57;C6
1179;34;58;3;1,06E-05;A34;B58;C3
1180;34;58;6;1,28E-05;A34;B58;C6
1181;34;7;15;2,40E-05;A34;B7;C15
1182;34;7;6;1,32E-05;A34;B7;C6
1183;34;8;7;0,003087818;A34;B8;C7
1184;36;35;7;1,32E-05;A36;B35;C7
1185;36;41;7;2,63E-05;A36;B41;C7
1186;36;44;12;1,28E-05;A36;B44;C12
1187;36;44;5;1,65E-05;A36;B44;C5
1188;36;51;14;2,35E-05;A36;B51;C14
1189;36;53;4;0,00048679;A36;B53;C4
1190;36;7;3;1,32E-05;A36;B7;C3
1191;66;13;6;1,29E-05;A66;B13;C6
1192;66;14;8;6,99E-05;A66;B14;C8
1193;66;15;1;3,20E-06;A66;B15;C1
1194;66;15;12;0,000385451;A66;B15;C12
1195;66;15;2;1,60E-05;A66;B15;C2
1196;66;15;3;1,72E-05;A66;B15;C3
1197;66;15;7;1,38E-05;A66;B15;C7
1198;66;18;7;3,97E-05;A66;B18;C7
1199;66;27;2;1,47E-05;A66;B27;C2
1200;66;35;12;0,00012515;A66;B35;C12
1201;66;35;17;1,32E-05;A66;B35;C17
1202;66;35;3;1,28E-05;A66;B35;C3
1203;66;35;4;0,001805715;A66;B35;C4
1204;66;37;6;4,33E-05;A66;B37;C6
1205;66;38;12;0,000172887;A66;B38;C12
1206;66;38;5;1,62E-06;A66;B38;C5
1207;66;39;12;3,27E-05;A66;B39;C12
1208;66;39;3;1,32E-05;A66;B39;C3
1209;66;40;2;3,87E-05;A66;B40;C2
1210;66;41;17;0,003438647;A66;B41;C17
1211;66;41;7;5,99E-05;A66;B41;C7
1212;66;44;12;4,54E-05;A66;B44;C12
1213;66;44;16;0,000102397;A66;B44;C16
1214;66;44;4;0,000219472;A66;B44;C4
1215;66;44;5;8,13E-05;A66;B44;C5
1216;66;45;6;2,08E-05;A66;B45;C6
1217;66;49;7;4,45E-05;A66;B49;C7
1218;66;50;4;3,34E-05;A66;B50;C4
1219;66;51;15;4,22E-05;A66;B51;C15
1220;66;51;16;0,00029157;A66;B51;C16
1221;66;51;2;0,000155056;A66;B51;C2
1222;66;51;5;9,99E-06;A66;B51;C5
1223;66;52;12;2,82E-05;A66;B52;C12
1224;66;52;16;1,32E-05;A66;B52;C16
1225;66;53;4;0,000400122;A66;B53;C4
1226;66;53;6;8,34E-06;A66;B53;C6
1227;66;55;2;3,39E-06;A66;B55;C2
1228;66;55;3;3,11E-05;A66;B55;C3
1229;66;57;6;0,000762868;A66;B57;C6
1230;66;57;7;3,32E-12;A66;B57;C7
1231;66;58;6;1,07E-05;A66;B58;C6
1232;66;7;15;0,000170113;A66;B7;C15
1233;66;7;17;1,32E-05;A66;B7;C17
1234;66;7;7;0,000152564;A66;B7;C7
1235;66;73;15;2,31E-05;A66;B73;C15
1236;66;8;7;0,000152752;A66;B8;C7
1237;68;13;6;0,00018163;A68;B13;C6
1238;68;14;15;5,10E-05;A68;B14;C15
1239;68;14;2;0,000207566;A68;B14;C2
1240;68;14;8;0,002019342;A68;B14;C8
1241;68;15;1;0,000148529;A68;B15;C1
1242;68;15;12;0,000104745;A68;B15;C12
1243;68;15;16;7,71E-05;A68;B15;C16
1244;68;15;2;0,000299427;A68;B15;C2
1245;68;15;3;0,000669921;A68;B15;C3
1246;68;15;4;0,000129241;A68;B15;C4
1247;68;15;5;1,58E-05;A68;B15;C5
1248;68;15;6;2,67E-05;A68;B15;C6
1249;68;15;7;0,00366928;A68;B15;C7
1250;68;15;8;1,98E-05;A68;B15;C8
1251;68;18;1;4,20E-05;A68;B18;C1
1252;68;18;12;0,000134727;A68;B18;C12
1253;68;18;2;5,24E-06;A68;B18;C2
1254;68;18;4;1,51E-05;A68;B18;C4
1255;68;18;5;0,000225575;A68;B18;C5
1256;68;18;7;0,000563292;A68;B18;C7
1257;68;27;1;0,000259638;A68;B27;C1
1258;68;27;2;0,000911548;A68;B27;C2
1259;68;27;8;6,65E-05;A68;B27;C8
1260;68;35;1;8,32E-05;A68;B35;C1
1261;68;35;12;0,000179446;A68;B35;C12
1262;68;35;15;0,000274365;A68;B35;C15
1263;68;35;4;0,00520295;A68;B35;C4
1264;68;35;5;1,10E-05;A68;B35;C5
1265;68;35;7;1,76E-05;A68;B35;C7
1266;68;35;8;2,63E-05;A68;B35;C8
1267;68;37;5;1,32E-05;A68;B37;C5
1268;68;37;6;4,21E-05;A68;B37;C6
1269;68;38;12;0,001070499;A68;B38;C12
1270;68;39;12;0,00043083;A68;B39;C12
1271;68;39;7;0,000114729;A68;B39;C7
1272;68;40;2;8,47E-05;A68;B40;C2
1273;68;40;3;0,001499853;A68;B40;C3
1274;68;40;5;1,51E-05;A68;B40;C5
1275;68;41;17;0,000123046;A68;B41;C17
1276;68;41;7;6,01E-05;A68;B41;C7
1277;68;42;17;7,80E-05;A68;B42;C17
1278;68;44;12;3,88E-05;A68;B44;C12
1279;68;44;16;0,001092808;A68;B44;C16
1280;68;44;2;0,000203158;A68;B44;C2
1281;68;44;4;0,000338718;A68;B44;C4
1282;68;44;5;0,001423772;A68;B44;C5
1283;68;44;6;1,36E-05;A68;B44;C6
1284;68;44;7;0,001724427;A68;B44;C7
1285;68;45;12;1,00E-05;A68;B45;C12
1286;68;45;16;1,35E-05;A68;B45;C16
1287;68;45;3;1,29E-05;A68;B45;C3
1288;68;45;6;0,000807269;A68;B45;C6
1289;68;47;3;0,000486844;A68;B47;C3
1290;68;47;6;1,50E-05;A68;B47;C6
1291;68;48;8;3,02E-05;A68;B48;C8
1292;68;49;12;1,33E-05;A68;B49;C12
1293;68;49;6;1,65E-05;A68;B49;C6
1294;68;49;7;0,002035383;A68;B49;C7
1295;68;49;8;1,32E-05;A68;B49;C8
1296;68;50;3;9,02E-05;A68;B50;C3
1297;68;50;6;0,001203302;A68;B50;C6
1298;68;50;7;3,08E-06;A68;B50;C7
1299;68;51;1;0,000316532;A68;B51;C1
1300;68;51;12;2,66E-05;A68;B51;C12
1301;68;51;14;0,002409473;A68;B51;C14
1302;68;51;15;0,004044999;A68;B51;C15
1303;68;51;16;0,001310015;A68;B51;C16
1304;68;51;2;0,000914123;A68;B51;C2
1305;68;51;4;1,70E-05;A68;B51;C4
1306;68;51;6;1,97E-05;A68;B51;C6
1307;68;51;7;0,000391538;A68;B51;C7
1308;68;52;12;0,000977527;A68;B52;C12
1309;68;53;4;0,003738403;A68;B53;C4
1310;68;55;1;1,71E-05;A68;B55;C1
1311;68;55;3;0,000958263;A68;B55;C3
1312;68;55;5;2,51E-05;A68;B55;C5
1313;68;56;1;0,000225677;A68;B56;C1
1314;68;57;12;0,000841425;A68;B57;C12
1315;68;57;18;4,09E-05;A68;B57;C18
1316;68;57;7;0,00045331;A68;B57;C7
1317;68;58;3;2,07E-05;A68;B58;C3
1318;68;58;6;1,45E-05;A68;B58;C6
1319;68;58;7;0,001438658;A68;B58;C7
1320;68;67;2;1,31E-05;A68;B67;C2
1321;68;7;12;9,98E-06;A68;B7;C12
1322;68;7;15;7,15E-05;A68;B7;C15
1323;68;7;7;0,000383217;A68;B7;C7
1324;68;78;15;1,34E-05;A68;B78;C15
1325;68;78;16;0,000856499;A68;B78;C16
1326;68;8;16;1,33E-05;A68;B8;C16
1327;68;8;2;2,73E-05;A68;B8;C2
1328;68;8;6;7,07E-06;A68;B8;C6
1329;68;8;7;0,001608765;A68;B8;C7
1330;68;81;18;2,03E-05;A68;B81;C18
1331;69;15;1;9,14E-05;A69;B15;C1
1332;69;15;14;1,62E-05;A69;B15;C14
1333;69;15;3;7,43E-05;A69;B15;C3
1334;69;15;7;0,000733268;A69;B15;C7
1335;69;18;2;1,38E-05;A69;B18;C2
1336;69;35;12;0,001002787;A69;B35;C12
1337;69;38;12;2,96E-05;A69;B38;C12
1338;69;40;3;1,59E-05;A69;B40;C3
1339;69;44;4;4,38E-05;A69;B44;C4
1340;69;44;5;0,000289007;A69;B44;C5
1341;69;44;7;1,33E-05;A69;B44;C7
1342;69;49;7;1,35E-05;A69;B49;C7
1343;69;50;3;1,26E-05;A69;B50;C3
1344;69;51;12;1,34E-05;A69;B51;C12
1345;69;51;14;3,08E-05;A69;B51;C14
1346;69;51;15;0,000127476;A69;B51;C15
1347;69;51;3;8,49E-06;A69;B51;C3
1348;69;53;15;1,29E-05;A69;B53;C15
1349;69;55;1;0,000195249;A69;B55;C1
1350;69;55;3;7,86E-05;A69;B55;C3
1351;69;58;3;0,00049114;A69;B58;C3
1352;69;7;15;1,35E-05;A69;B7;C15
1353;69;7;7;1,47E-05;A69;B7;C7
1354;69;8;7;2,01E-05;A69;B8;C7
1355;74;14;8;0,00010661;A74;B14;C8
1356;74;15;2;7,91E-05;A74;B15;C2
1357;74;15;3;1,38E-13;A74;B15;C3
1358;74;15;7;1,59E-05;A74;B15;C7
1359;74;18;2;0,000339771;A74;B18;C2
1360;74;18;3;1,32E-05;A74;B18;C3
1361;74;35;2;4,97E-05;A74;B35;C2
1362;74;35;4;0,000184739;A74;B35;C4
1363;74;35;6;1,34E-05;A74;B35;C6
1364;74;37;6;4,20E-05;A74;B37;C6
1365;74;42;17;2,92E-05;A74;B42;C17
1366;74;44;16;3,89E-05;A74;B44;C16
1367;74;44;2;6,07E-06;A74;B44;C2
1368;74;44;4;9,93E-05;A74;B44;C4
1369;74;44;5;1,16E-05;A74;B44;C5
1370;74;44;6;1,26E-05;A74;B44;C6
1371;74;45;16;8,34E-06;A74;B45;C16
1372;74;51;4;2,03E-12;A74;B51;C4
1373;74;57;2;1,32E-05;A74;B57;C2
1374;74;58;6;1,32E-05;A74;B58;C6
1375;74;7;15;1,32E-05;A74;B7;C15
1376;74;7;7;2,62E-06;A74;B7;C7
1377;74;78;1;7,63E-06;A74;B78;C1
1378;74;78;16;1,87E-05;A74;B78;C16
1379;80;13;7;3,83E-08;A80;B13;C7
1380;80;14;8;0,000115195;A80;B14;C8
1381;80;27;2;1,32E-05;A80;B27;C2
1382;80;39;12;1,92E-05;A80;B39;C12
1383;80;42;17;1,32E-05;A80;B42;C17
1384;80;44;2;2,70E-06;A80;B44;C2
1385;80;44;4;0,000367706;A80;B44;C4
1386;80;50;6;8,25E-06;A80;B50;C6
1387;80;51;4;8,44E-06;A80;B51;C4
1388;80;57;7;2,63E-05;A80;B57;C7
1389;80;58;3;4,08E-05;A80;B58;C3
1390;80;58;7;0,000120485;A80;B58;C7
1391;80;8;7;4,11E-05;A80;B8;C7
