;B;C;DR;freq;BB;CC;DDR
1;13;1;13;1,28E-05;B13;C1;DR13
2;13;2;7;2,32E-05;B13;C2;DR7
3;13;3;11;6,54E-05;B13;C3;DR11
4;13;3;7;1,73E-05;B13;C3;DR7
5;13;3;8;1,32E-05;B13;C3;DR8
6;13;4;4;2,58E-05;B13;C4;DR4
7;13;4;7;1,41E-05;B13;C4;DR7
8;13;6;1;0,000302462;B13;C6;DR1
9;13;6;10;0,000123723;B13;C6;DR10
10;13;6;11;0,000495899;B13;C6;DR11
11;13;6;12;6,85E-05;B13;C6;DR12
12;13;6;13;0,000812083;B13;C6;DR13
13;13;6;14;7,18E-05;B13;C6;DR14
14;13;6;15;0,000343015;B13;C6;DR15
15;13;6;16;0,00059562;B13;C6;DR16
16;13;6;3;0,00021046;B13;C6;DR3
17;13;6;4;0,000754991;B13;C6;DR4
18;13;6;7;0,010900373;B13;C6;DR7
19;13;6;8;0,000183072;B13;C6;DR8
20;13;6;9;5,22E-05;B13;C6;DR9
21;13;7;15;9,62E-06;B13;C7;DR15
22;13;7;4;2,01E-05;B13;C7;DR4
23;13;7;7;0,000255481;B13;C7;DR7
24;14;12;14;5,75E-06;B14;C12;DR14
25;14;12;7;3,13E-05;B14;C12;DR7
26;14;14;1;0,000176415;B14;C14;DR1
27;14;14;11;5,10E-07;B14;C14;DR11
28;14;15;1;0,001381654;B14;C15;DR1
29;14;15;11;5,44E-05;B14;C15;DR11
30;14;15;16;1,65E-05;B14;C15;DR16
31;14;15;3;0,000105243;B14;C15;DR3
32;14;15;4;1,88E-05;B14;C15;DR4
33;14;15;7;6,15E-05;B14;C15;DR7
34;14;2;1;0,00508824;B14;C2;DR1
35;14;2;11;7,17E-05;B14;C2;DR11
36;14;2;12;2,75E-05;B14;C2;DR12
37;14;2;15;7,99E-05;B14;C2;DR15
38;14;2;3;1,93E-05;B14;C2;DR3
39;14;2;4;0,00021637;B14;C2;DR4
40;14;2;7;0,000421973;B14;C2;DR7
41;14;3;14;1,56E-05;B14;C3;DR14
42;14;5;13;2,30E-05;B14;C5;DR13
43;14;5;3;1,06E-06;B14;C5;DR3
44;14;5;7;9,41E-05;B14;C5;DR7
45;14;5;8;1,33E-05;B14;C5;DR8
46;14;6;1;2,60E-05;B14;C6;DR1
47;14;6;15;2,80E-05;B14;C6;DR15
48;14;6;4;3,42E-05;B14;C6;DR4
49;14;6;7;0,000564325;B14;C6;DR7
50;14;7;1;0,000111124;B14;C7;DR1
51;14;7;3;1,41E-05;B14;C7;DR3
52;14;8;1;0,032427406;B14;C8;DR1
53;14;8;10;0,000813814;B14;C8;DR10
54;14;8;11;0,002564557;B14;C8;DR11
55;14;8;12;0,000298388;B14;C8;DR12
56;14;8;13;0,00526788;B14;C8;DR13
57;14;8;14;0,000442796;B14;C8;DR14
58;14;8;15;0,002063054;B14;C8;DR15
59;14;8;16;1,05E-06;B14;C8;DR16
60;14;8;3;0,004568326;B14;C8;DR3
61;14;8;4;0,003239397;B14;C8;DR4
62;14;8;7;0,013691729;B14;C8;DR7
63;14;8;8;0,001528683;B14;C8;DR8
64;14;8;9;0,000102336;B14;C8;DR9
65;15;1;1;0,000265778;B15;C1;DR1
66;15;1;11;2,30E-05;B15;C1;DR11
67;15;1;12;6,33E-05;B15;C1;DR12
68;15;1;13;0,000229046;B15;C1;DR13
69;15;1;14;1,25E-05;B15;C1;DR14
70;15;1;4;0,000239186;B15;C1;DR4
71;15;1;7;1,59E-05;B15;C1;DR7
72;15;1;8;0,000247206;B15;C1;DR8
73;15;1;9;0,001188529;B15;C1;DR9
74;15;12;11;3,65E-05;B15;C12;DR11
75;15;12;13;6,41E-05;B15;C12;DR13
76;15;12;14;0,000101901;B15;C12;DR14
77;15;12;3;8,37E-06;B15;C12;DR3
78;15;12;4;2,12E-05;B15;C12;DR4
79;15;12;7;0,000418085;B15;C12;DR7
80;15;14;1;0,000553971;B15;C14;DR1
81;15;14;10;0,000262988;B15;C14;DR10
82;15;14;11;2,18E-05;B15;C14;DR11
83;15;14;12;7,34E-05;B15;C14;DR12
84;15;14;13;0,000127183;B15;C14;DR13
85;15;14;15;2,55E-05;B15;C14;DR15
86;15;14;16;1,33E-05;B15;C14;DR16
87;15;14;3;3,33E-05;B15;C14;DR3
88;15;14;4;3,56E-05;B15;C14;DR4
89;15;14;7;0,000195765;B15;C14;DR7
90;15;15;13;3,44E-05;B15;C15;DR13
91;15;15;7;1,28E-05;B15;C15;DR7
92;15;16;10;6,75E-05;B15;C16;DR10
93;15;16;11;2,53E-05;B15;C16;DR11
94;15;16;13;0,000209624;B15;C16;DR13
95;15;16;15;4,94E-09;B15;C16;DR15
96;15;16;4;2,62E-05;B15;C16;DR4
97;15;16;7;0,000614764;B15;C16;DR7
98;15;16;8;1,10E-05;B15;C16;DR8
99;15;17;4;5,24E-05;B15;C17;DR4
100;15;18;7;1,32E-05;B15;C18;DR7
101;15;2;1;0,000594887;B15;C2;DR1
102;15;2;10;0,000384883;B15;C2;DR10
103;15;2;11;0,000298387;B15;C2;DR11
104;15;2;13;0,001437284;B15;C2;DR13
105;15;2;15;2,67E-05;B15;C2;DR15
106;15;2;3;0,000321368;B15;C2;DR3
107;15;2;4;4,44E-05;B15;C2;DR4
108;15;2;7;0,001551505;B15;C2;DR7
109;15;2;8;8,92E-05;B15;C2;DR8
110;15;3;1;0,002651768;B15;C3;DR1
111;15;3;10;3,63E-05;B15;C3;DR10
112;15;3;11;0,00512272;B15;C3;DR11
113;15;3;12;0,000197379;B15;C3;DR12
114;15;3;13;0,007491873;B15;C3;DR13
115;15;3;14;0,00042947;B15;C3;DR14
116;15;3;15;0,001102493;B15;C3;DR15
117;15;3;16;0,000298158;B15;C3;DR16
118;15;3;3;0,000458078;B15;C3;DR3
119;15;3;4;0,007294825;B15;C3;DR4
120;15;3;7;0,002694901;B15;C3;DR7
121;15;3;8;0,001728407;B15;C3;DR8
122;15;3;9;0,000132206;B15;C3;DR9
123;15;4;1;0,000561774;B15;C4;DR1
124;15;4;10;0,00010232;B15;C4;DR10
125;15;4;11;0,000237105;B15;C4;DR11
126;15;4;12;1,77E-05;B15;C4;DR12
127;15;4;13;8,39E-05;B15;C4;DR13
128;15;4;15;2,81E-05;B15;C4;DR15
129;15;4;3;2,12E-05;B15;C4;DR3
130;15;4;4;0,000196407;B15;C4;DR4
131;15;4;7;0,000544474;B15;C4;DR7
132;15;4;8;0,000700997;B15;C4;DR8
133;15;4;9;1,52E-05;B15;C4;DR9
134;15;5;1;7,88E-05;B15;C5;DR1
135;15;5;10;1,48E-05;B15;C5;DR10
136;15;5;4;7,93E-05;B15;C5;DR4
137;15;5;7;2,98E-05;B15;C5;DR7
138;15;6;11;2,21E-05;B15;C6;DR11
139;15;6;15;8,86E-06;B15;C6;DR15
140;15;6;7;2,21E-05;B15;C6;DR7
141;15;6;8;2,18E-05;B15;C6;DR8
142;15;7;1;0,00038006;B15;C7;DR1
143;15;7;11;0,001154769;B15;C7;DR11
144;15;7;12;6,34E-05;B15;C7;DR12
145;15;7;13;0,006669716;B15;C7;DR13
146;15;7;15;0,002018924;B15;C7;DR15
147;15;7;16;0,000142011;B15;C7;DR16
148;15;7;3;0,001091383;B15;C7;DR3
149;15;7;4;0,001655508;B15;C7;DR4
150;15;7;7;0,000267413;B15;C7;DR7
151;15;7;8;0,00024954;B15;C7;DR8
152;15;7;9;0,000127951;B15;C7;DR9
153;15;8;10;1,18E-05;B15;C8;DR10
154;15;8;11;1,46E-05;B15;C8;DR11
155;15;8;12;1,32E-05;B15;C8;DR12
156;15;8;13;4,43E-05;B15;C8;DR13
157;15;8;14;1,31E-05;B15;C8;DR14
158;15;8;3;3,46E-05;B15;C8;DR3
159;18;1;10;0,000519018;B18;C1;DR10
160;18;1;16;1,42E-05;B18;C1;DR16
161;18;1;4;0,000210594;B18;C1;DR4
162;18;1;7;3,27E-05;B18;C1;DR7
163;18;12;1;0,000782053;B18;C12;DR1
164;18;12;10;2,07E-05;B18;C12;DR10
165;18;12;11;0,002833422;B18;C12;DR11
166;18;12;12;2,16E-05;B18;C12;DR12
167;18;12;13;0,000202561;B18;C12;DR13
168;18;12;14;0,000133104;B18;C12;DR14
169;18;12;15;0,00475252;B18;C12;DR15
170;18;12;16;0,000355247;B18;C12;DR16
171;18;12;3;0,000417173;B18;C12;DR3
172;18;12;4;0,001044008;B18;C12;DR4
173;18;12;7;0,000476686;B18;C12;DR7
174;18;12;8;0,00115545;B18;C12;DR8
175;18;16;15;1,48E-05;B18;C16;DR15
176;18;16;8;1,14E-05;B18;C16;DR8
177;18;2;1;2,57E-05;B18;C2;DR1
178;18;2;11;0,000114988;B18;C2;DR11
179;18;2;12;2,75E-05;B18;C2;DR12
180;18;2;13;0,003721699;B18;C2;DR13
181;18;2;15;1,53E-05;B18;C2;DR15
182;18;2;16;5,68E-06;B18;C2;DR16
183;18;2;3;6,81E-05;B18;C2;DR3
184;18;2;4;0,000335954;B18;C2;DR4
185;18;2;7;0,00010771;B18;C2;DR7
186;18;3;11;1,39E-05;B18;C3;DR11
187;18;3;15;0,000245345;B18;C3;DR15
188;18;3;3;4,38E-05;B18;C3;DR3
189;18;3;4;3,46E-08;B18;C3;DR4
190;18;4;15;2,82E-08;B18;C4;DR15
191;18;4;16;1,32E-05;B18;C4;DR16
192;18;4;4;1,40E-05;B18;C4;DR4
193;18;5;1;0,000555424;B18;C5;DR1
194;18;5;10;2,11E-05;B18;C5;DR10
195;18;5;11;0,000325091;B18;C5;DR11
196;18;5;12;1,98E-05;B18;C5;DR12
197;18;5;13;0,000309025;B18;C5;DR13
198;18;5;14;0,000186212;B18;C5;DR14
199;18;5;15;0,000598804;B18;C5;DR15
200;18;5;16;7,56E-05;B18;C5;DR16
201;18;5;3;0,011205587;B18;C5;DR3
202;18;5;4;0,000221073;B18;C5;DR4
203;18;5;7;0,001480154;B18;C5;DR7
204;18;5;8;0,000294658;B18;C5;DR8
205;18;6;1;2,56E-05;B18;C6;DR1
206;18;6;11;7,09E-05;B18;C6;DR11
207;18;6;16;3,95E-06;B18;C6;DR16
208;18;6;7;0,000168583;B18;C6;DR7
209;18;7;1;0,000475359;B18;C7;DR1
210;18;7;11;0,005434604;B18;C7;DR11
211;18;7;12;8,72E-05;B18;C7;DR12
212;18;7;13;0,001371754;B18;C7;DR13
213;18;7;14;0,001165632;B18;C7;DR14
214;18;7;15;0,001036989;B18;C7;DR15
215;18;7;16;1,94E-05;B18;C7;DR16
216;18;7;3;0,000166801;B18;C7;DR3
217;18;7;4;0,002963296;B18;C7;DR4
218;18;7;7;0,000837078;B18;C7;DR7
219;18;7;8;0,000400568;B18;C7;DR8
220;18;7;9;0,000422574;B18;C7;DR9
221;27;1;1;0,006415568;B27;C1;DR1
222;27;1;10;1,61E-05;B27;C1;DR10
223;27;1;11;0,000555514;B27;C1;DR11
224;27;1;12;0,000191895;B27;C1;DR12
225;27;1;13;0,000878632;B27;C1;DR13
226;27;1;14;0,000451895;B27;C1;DR14
227;27;1;15;0,000257929;B27;C1;DR15
228;27;1;3;0,000594237;B27;C1;DR3
229;27;1;4;0,000861695;B27;C1;DR4
230;27;1;7;0,000229539;B27;C1;DR7
231;27;1;8;0,000736954;B27;C1;DR8
232;27;1;9;2,48E-05;B27;C1;DR9
233;27;14;4;1,41E-05;B27;C14;DR4
234;27;15;11;0,000280171;B27;C15;DR11
235;27;15;3;0,000150358;B27;C15;DR3
236;27;15;4;3,69E-05;B27;C15;DR4
237;27;15;7;4,31E-06;B27;C15;DR7
238;27;15;8;0,000261111;B27;C15;DR8
239;27;16;1;1,87E-05;B27;C16;DR1
240;27;16;15;4,76E-06;B27;C16;DR15
241;27;2;1;0,000985889;B27;C2;DR1
242;27;2;10;2,99E-05;B27;C2;DR10
243;27;2;11;0,003181409;B27;C2;DR11
244;27;2;12;6,09E-05;B27;C2;DR12
245;27;2;13;0,002661809;B27;C2;DR13
246;27;2;14;3,23E-05;B27;C2;DR14
247;27;2;15;0,002057323;B27;C2;DR15
248;27;2;16;0,000536358;B27;C2;DR16
249;27;2;3;0,001311785;B27;C2;DR3
250;27;2;4;0,003422737;B27;C2;DR4
251;27;2;7;0,000958774;B27;C2;DR7
252;27;2;8;0,000777614;B27;C2;DR8
253;27;2;9;0,000162316;B27;C2;DR9
254;27;3;12;4,06E-05;B27;C3;DR12
255;27;3;4;0,000131979;B27;C3;DR4
256;27;3;8;2,07E-05;B27;C3;DR8
257;27;4;11;1,85E-05;B27;C4;DR11
258;27;5;1;5,40E-05;B27;C5;DR1
259;27;5;10;2,16E-05;B27;C5;DR10
260;27;5;11;0,000189796;B27;C5;DR11
261;27;5;13;9,97E-05;B27;C5;DR13
262;27;5;14;2,58E-05;B27;C5;DR14
263;27;5;15;5,19E-05;B27;C5;DR15
264;27;5;3;8,03E-06;B27;C5;DR3
265;27;5;4;1,95E-05;B27;C5;DR4
266;27;5;7;3,59E-05;B27;C5;DR7
267;27;5;8;0,000441395;B27;C5;DR8
268;27;5;9;1,05E-05;B27;C5;DR9
269;27;6;11;4,23E-05;B27;C6;DR11
270;27;6;4;3,99E-05;B27;C6;DR4
271;27;6;7;0,000888949;B27;C6;DR7
272;27;6;8;2,93E-06;B27;C6;DR8
273;27;7;11;1,95E-05;B27;C7;DR11
274;27;7;13;4,77E-05;B27;C7;DR13
275;27;7;15;2,15E-05;B27;C7;DR15
276;27;7;16;1,36E-05;B27;C7;DR16
277;27;7;4;0,000208467;B27;C7;DR4
278;27;7;8;7,06E-05;B27;C7;DR8
279;27;8;11;5,51E-05;B27;C8;DR11
280;27;8;12;1,09E-05;B27;C8;DR12
281;35;1;1;0,000336927;B35;C1;DR1
282;35;1;15;1,33E-06;B35;C1;DR15
283;35;1;4;2,25E-05;B35;C1;DR4
284;35;1;8;1,49E-05;B35;C1;DR8
285;35;12;1;0,000491671;B35;C12;DR1
286;35;12;11;0,001763447;B35;C12;DR11
287;35;12;12;0,000157357;B35;C12;DR12
288;35;12;13;0,000272802;B35;C12;DR13
289;35;12;14;0,002178721;B35;C12;DR14
290;35;12;15;0,000669908;B35;C12;DR15
291;35;12;16;1,94E-05;B35;C12;DR16
292;35;12;3;0,000122167;B35;C12;DR3
293;35;12;4;0,000879815;B35;C12;DR4
294;35;12;7;0,001363507;B35;C12;DR7
295;35;12;8;9,87E-05;B35;C12;DR8
296;35;12;9;5,73E-05;B35;C12;DR9
297;35;14;13;0,000104847;B35;C14;DR13
298;35;15;11;0,000114783;B35;C15;DR11
299;35;15;13;0,000276011;B35;C15;DR13
300;35;15;14;0,000125256;B35;C15;DR14
301;35;15;16;1,40E-05;B35;C15;DR16
302;35;15;3;1,75E-05;B35;C15;DR3
303;35;15;4;9,96E-05;B35;C15;DR4
304;35;16;1;3,08E-05;B35;C16;DR1
305;35;16;11;4,65E-05;B35;C16;DR11
306;35;16;13;1,65E-05;B35;C16;DR13
307;35;16;3;7,22E-12;B35;C16;DR3
308;35;16;7;4,98E-05;B35;C16;DR7
309;35;17;1;1,32E-05;B35;C17;DR1
310;35;2;10;1,31E-05;B35;C2;DR10
311;35;2;11;4,91E-05;B35;C2;DR11
312;35;2;12;0,000590183;B35;C2;DR12
313;35;2;13;1,37E-05;B35;C2;DR13
314;35;2;15;3,32E-05;B35;C2;DR15
315;35;2;4;0,00012668;B35;C2;DR4
316;35;2;7;2,59E-05;B35;C2;DR7
317;35;3;1;1,71E-05;B35;C3;DR1
318;35;3;14;0,000120749;B35;C3;DR14
319;35;3;15;0,000564429;B35;C3;DR15
320;35;3;16;4,08E-05;B35;C3;DR16
321;35;3;4;0,000109552;B35;C3;DR4
322;35;3;7;1,96E-05;B35;C3;DR7
323;35;3;8;0,00010199;B35;C3;DR8
324;35;4;1;0,029048534;B35;C4;DR1
325;35;4;10;0,001756979;B35;C4;DR10
326;35;4;11;0,018036811;B35;C4;DR11
327;35;4;12;0,001576908;B35;C4;DR12
328;35;4;13;0,012504504;B35;C4;DR13
329;35;4;14;0,005551693;B35;C4;DR14
330;35;4;15;0,004015293;B35;C4;DR15
331;35;4;16;0,002068414;B35;C4;DR16
332;35;4;3;0,005817535;B35;C4;DR3
333;35;4;4;0,013139735;B35;C4;DR4
334;35;4;7;0,007350655;B35;C4;DR7
335;35;4;8;0,004103185;B35;C4;DR8
336;35;4;9;0,000243056;B35;C4;DR9
337;35;5;1;1,60E-05;B35;C5;DR1
338;35;5;12;1,30E-05;B35;C5;DR12
339;35;5;13;5,62E-05;B35;C5;DR13
340;35;5;16;0,000118257;B35;C5;DR16
341;35;5;3;1,13E-05;B35;C5;DR3
342;35;6;1;0,000400195;B35;C6;DR1
343;35;6;12;6,76E-05;B35;C6;DR12
344;35;6;13;5,65E-05;B35;C6;DR13
345;35;6;14;2,59E-05;B35;C6;DR14
346;35;6;15;1,72E-05;B35;C6;DR15
347;35;6;4;2,84E-05;B35;C6;DR4
348;35;6;7;0,000228213;B35;C6;DR7
349;35;7;1;4,69E-05;B35;C7;DR1
350;35;7;10;1,47E-05;B35;C7;DR10
351;35;7;11;4,61E-05;B35;C7;DR11
352;35;7;13;1,76E-05;B35;C7;DR13
353;35;7;14;1,77E-05;B35;C7;DR14
354;35;7;15;1,51E-05;B35;C7;DR15
355;35;7;16;1,60E-05;B35;C7;DR16
356;35;7;7;3,21E-05;B35;C7;DR7
357;35;7;9;1,34E-05;B35;C7;DR9
358;35;8;15;2,20E-05;B35;C8;DR15
359;35;8;4;2,72E-05;B35;C8;DR4
360;35;8;8;2,63E-05;B35;C8;DR8
361;37;1;1;1,07E-05;B37;C1;DR1
362;37;12;14;1,32E-05;B37;C12;DR14
363;37;15;13;5,60E-05;B37;C15;DR13
364;37;15;15;1,32E-05;B37;C15;DR15
365;37;16;13;2,74E-05;B37;C16;DR13
366;37;2;11;2,63E-05;B37;C2;DR11
367;37;4;14;1,32E-05;B37;C4;DR14
368;37;4;7;2,86E-05;B37;C4;DR7
369;37;5;10;1,45E-05;B37;C5;DR10
370;37;6;1;0,000909272;B37;C6;DR1
371;37;6;10;0,003792358;B37;C6;DR10
372;37;6;11;0,000966038;B37;C6;DR11
373;37;6;12;5,29E-05;B37;C6;DR12
374;37;6;13;0,001985598;B37;C6;DR13
375;37;6;14;0,00026752;B37;C6;DR14
376;37;6;15;0,000704067;B37;C6;DR15
377;37;6;16;0,000140607;B37;C6;DR16
378;37;6;3;0,000344229;B37;C6;DR3
379;37;6;4;0,001702832;B37;C6;DR4
380;37;6;7;0,000949658;B37;C6;DR7
381;37;6;8;0,000990212;B37;C6;DR8
382;37;6;9;2,44E-06;B37;C6;DR9
383;37;7;1;6,02E-05;B37;C7;DR1
384;37;7;13;1,04E-05;B37;C7;DR13
385;38;12;1;0,0008088;B38;C12;DR1
386;38;12;10;0,000239556;B38;C12;DR10
387;38;12;11;0,00233129;B38;C12;DR11
388;38;12;12;0,000145404;B38;C12;DR12
389;38;12;13;0,009857161;B38;C12;DR13
390;38;12;14;0,000704797;B38;C12;DR14
391;38;12;15;0,000840325;B38;C12;DR15
392;38;12;16;0,000546999;B38;C12;DR16
393;38;12;3;0,00081057;B38;C12;DR3
394;38;12;4;0,003248352;B38;C12;DR4
395;38;12;7;0,001666765;B38;C12;DR7
396;38;12;8;0,001135797;B38;C12;DR8
397;38;16;1;1,40E-05;B38;C16;DR1
398;38;16;13;1,35E-05;B38;C16;DR13
399;38;16;14;0,000419952;B38;C16;DR14
400;38;16;15;1,47E-05;B38;C16;DR15
401;38;4;13;1,34E-05;B38;C4;DR13
402;38;5;11;6,85E-05;B38;C5;DR11
403;38;5;13;5,44E-05;B38;C5;DR13
404;38;6;11;0,000576624;B38;C6;DR11
405;38;6;13;0,000324064;B38;C6;DR13
406;38;6;3;1,56E-05;B38;C6;DR3
407;38;6;4;1,37E-07;B38;C6;DR4
408;38;6;7;1,78E-05;B38;C6;DR7
409;38;7;12;1,38E-05;B38;C7;DR12
410;38;7;14;1,59E-05;B38;C7;DR14
411;38;7;8;2,72E-05;B38;C7;DR8
412;39;1;1;5,02E-05;B39;C1;DR1
413;39;12;1;0,000661251;B39;C12;DR1
414;39;12;11;0,001890439;B39;C12;DR11
415;39;12;12;0,000167085;B39;C12;DR12
416;39;12;13;0,002175005;B39;C12;DR13
417;39;12;14;0,000151012;B39;C12;DR14
418;39;12;15;0,000490569;B39;C12;DR15
419;39;12;16;0,003732248;B39;C12;DR16
420;39;12;3;0,000107619;B39;C12;DR3
421;39;12;4;0,000337116;B39;C12;DR4
422;39;12;7;0,000435146;B39;C12;DR7
423;39;12;8;0,000205187;B39;C12;DR8
424;39;15;13;5,31E-05;B39;C15;DR13
425;39;15;16;1,35E-05;B39;C15;DR16
426;39;15;7;1,39E-05;B39;C15;DR7
427;39;3;12;0,000152902;B39;C3;DR12
428;39;3;14;2,81E-05;B39;C3;DR14
429;39;3;15;1,61E-05;B39;C3;DR15
430;39;4;11;1,34E-05;B39;C4;DR11
431;39;5;1;0,00014563;B39;C5;DR1
432;39;7;1;0,000878249;B39;C7;DR1
433;39;7;10;2,93E-05;B39;C7;DR10
434;39;7;11;0,00039451;B39;C7;DR11
435;39;7;12;2,77E-05;B39;C7;DR12
436;39;7;13;0,000525356;B39;C7;DR13
437;39;7;14;0,000168686;B39;C7;DR14
438;39;7;15;0,000185733;B39;C7;DR15
439;39;7;16;0,000340525;B39;C7;DR16
440;39;7;3;0,000102375;B39;C7;DR3
441;39;7;4;0,000717305;B39;C7;DR4
442;39;7;7;0,000299217;B39;C7;DR7
443;39;7;8;0,002836759;B39;C7;DR8
444;40;1;1;3,16E-05;B40;C1;DR1
445;40;1;13;7,44E-05;B40;C1;DR13
446;40;1;4;3,67E-05;B40;C1;DR4
447;40;12;11;0,000499485;B40;C12;DR11
448;40;12;15;1,52E-05;B40;C12;DR15
449;40;12;4;1,94E-05;B40;C12;DR4
450;40;14;15;3,03E-05;B40;C14;DR15
451;40;14;4;5,60E-05;B40;C14;DR4
452;40;14;8;9,33E-05;B40;C14;DR8
453;40;15;1;0,000119771;B40;C15;DR1
454;40;15;10;6,37E-06;B40;C15;DR10
455;40;15;11;0,000348404;B40;C15;DR11
456;40;15;13;0,000100951;B40;C15;DR13
457;40;15;14;0,00011876;B40;C15;DR14
458;40;15;15;0,000817135;B40;C15;DR15
459;40;15;16;0,00059762;B40;C15;DR16
460;40;15;3;0,00023109;B40;C15;DR3
461;40;15;4;0,000374082;B40;C15;DR4
462;40;15;7;6,95E-05;B40;C15;DR7
463;40;15;8;3,12E-05;B40;C15;DR8
464;40;15;9;2,66E-05;B40;C15;DR9
465;40;16;8;1,32E-05;B40;C16;DR8
466;40;16;9;1,06E-05;B40;C16;DR9
467;40;2;1;0,000518937;B40;C2;DR1
468;40;2;10;1,22E-05;B40;C2;DR10
469;40;2;11;0,002400865;B40;C2;DR11
470;40;2;12;5,99E-05;B40;C2;DR12
471;40;2;13;0,003259879;B40;C2;DR13
472;40;2;14;0,000116604;B40;C2;DR14
473;40;2;15;0,000942884;B40;C2;DR15
474;40;2;16;0,000719334;B40;C2;DR16
475;40;2;3;0,000266695;B40;C2;DR3
476;40;2;4;0,000558317;B40;C2;DR4
477;40;2;7;0,000892398;B40;C2;DR7
478;40;2;8;4,46E-05;B40;C2;DR8
479;40;2;9;4,72E-05;B40;C2;DR9
480;40;3;1;0,001388022;B40;C3;DR1
481;40;3;10;8,61E-07;B40;C3;DR10
482;40;3;11;0,001102907;B40;C3;DR11
483;40;3;12;6,19E-06;B40;C3;DR12
484;40;3;13;0,003977048;B40;C3;DR13
485;40;3;14;0,000613136;B40;C3;DR14
486;40;3;15;0,002275204;B40;C3;DR15
487;40;3;16;0,000192958;B40;C3;DR16
488;40;3;3;0,001196139;B40;C3;DR3
489;40;3;4;0,006321079;B40;C3;DR4
490;40;3;7;0,001800188;B40;C3;DR7
491;40;3;8;0,001567288;B40;C3;DR8
492;40;3;9;0,000183833;B40;C3;DR9
493;40;5;13;7,19E-05;B40;C5;DR13
494;40;5;4;3,32E-05;B40;C5;DR4
495;40;6;11;1,80E-05;B40;C6;DR11
496;40;6;13;2,28E-05;B40;C6;DR13
497;40;6;14;9,39E-06;B40;C6;DR14
498;40;6;4;6,40E-05;B40;C6;DR4
499;40;7;10;1,34E-05;B40;C7;DR10
500;40;7;11;3,20E-05;B40;C7;DR11
501;40;7;16;5,46E-05;B40;C7;DR16
502;40;7;3;1,08E-06;B40;C7;DR3
503;40;7;4;4,28E-06;B40;C7;DR4
504;40;7;7;7,98E-05;B40;C7;DR7
505;40;7;8;2,30E-06;B40;C7;DR8
506;40;7;9;3,14E-05;B40;C7;DR9
507;40;8;4;2,66E-05;B40;C8;DR4
508;41;15;4;1,25E-05;B41;C15;DR4
509;41;16;13;1,38E-05;B41;C16;DR13
510;41;16;4;0,00021324;B41;C16;DR4
511;41;17;1;0,000137969;B41;C17;DR1
512;41;17;10;0,000117685;B41;C17;DR10
513;41;17;11;0,000318511;B41;C17;DR11
514;41;17;12;5,13E-05;B41;C17;DR12
515;41;17;13;0,004407144;B41;C17;DR13
516;41;17;14;0,000100216;B41;C17;DR14
517;41;17;15;5,07E-05;B41;C17;DR15
518;41;17;16;0,000151632;B41;C17;DR16
519;41;17;3;0,001299923;B41;C17;DR3
520;41;17;4;0,000642872;B41;C17;DR4
521;41;17;7;0,001960448;B41;C17;DR7
522;41;2;7;2,63E-05;B41;C2;DR7
523;41;3;3;1,32E-05;B41;C3;DR3
524;41;4;3;6,52E-05;B41;C4;DR3
525;41;4;4;1,51E-05;B41;C4;DR4
526;41;6;13;0,000213882;B41;C6;DR13
527;41;6;14;6,78E-05;B41;C6;DR14
528;41;6;3;9,16E-05;B41;C6;DR3
529;41;6;4;3,63E-05;B41;C6;DR4
530;41;6;7;5,28E-13;B41;C6;DR7
531;41;7;10;1,79E-05;B41;C7;DR10
532;41;7;11;7,16E-05;B41;C7;DR11
533;41;7;13;0,000856365;B41;C7;DR13
534;41;7;15;3,47E-05;B41;C7;DR15
535;41;7;3;2,47E-05;B41;C7;DR3
536;41;7;4;0,00025307;B41;C7;DR4
537;41;7;7;2,60E-05;B41;C7;DR7
538;41;8;9;1,32E-05;B41;C8;DR9
539;42;17;1;2,74E-05;B42;C17;DR1
540;42;17;10;5,26E-05;B42;C17;DR10
541;42;17;11;7,76E-05;B42;C17;DR11
542;42;17;13;9,31E-05;B42;C17;DR13
543;42;17;14;1,32E-05;B42;C17;DR14
544;42;17;15;2,48E-05;B42;C17;DR15
545;42;17;16;2,51E-05;B42;C17;DR16
546;42;17;3;0,000710014;B42;C17;DR3
547;42;17;7;2,67E-05;B42;C17;DR7
548;42;17;8;0,000120784;B42;C17;DR8
549;44;1;11;0,000111165;B44;C1;DR11
550;44;1;13;0,000591222;B44;C1;DR13
551;44;1;15;8,54E-13;B44;C1;DR15
552;44;1;16;4,92E-05;B44;C1;DR16
553;44;1;4;4,73E-05;B44;C1;DR4
554;44;1;7;3,71E-05;B44;C1;DR7
555;44;1;9;0,000224663;B44;C1;DR9
556;44;12;1;0,00020863;B44;C12;DR1
557;44;12;13;0,000517629;B44;C12;DR13
558;44;12;7;4,20E-05;B44;C12;DR7
559;44;12;8;0,000270529;B44;C12;DR8
560;44;14;12;5,47E-10;B44;C14;DR12
561;44;14;13;4,80E-05;B44;C14;DR13
562;44;14;15;2,75E-05;B44;C14;DR15
563;44;14;3;0,000108983;B44;C14;DR3
564;44;14;4;0,000527923;B44;C14;DR4
565;44;14;7;0,000106511;B44;C14;DR7
566;44;14;8;2,95E-05;B44;C14;DR8
567;44;15;1;2,72E-05;B44;C15;DR1
568;44;15;11;2,00E-06;B44;C15;DR11
569;44;15;12;2,25E-05;B44;C15;DR12
570;44;15;13;3,35E-05;B44;C15;DR13
571;44;15;14;2,00E-05;B44;C15;DR14
572;44;15;3;1,96E-05;B44;C15;DR3
573;44;15;4;2,31E-05;B44;C15;DR4
574;44;15;7;0,000799317;B44;C15;DR7
575;44;15;8;4,43E-06;B44;C15;DR8
576;44;16;1;0,001444759;B44;C16;DR1
577;44;16;10;6,94E-05;B44;C16;DR10
578;44;16;11;0,001617196;B44;C16;DR11
579;44;16;12;0,000519104;B44;C16;DR12
580;44;16;13;0,002746501;B44;C16;DR13
581;44;16;14;0,000145138;B44;C16;DR14
582;44;16;15;0,002262261;B44;C16;DR15
583;44;16;16;0,000617147;B44;C16;DR16
584;44;16;3;0,000954534;B44;C16;DR3
585;44;16;4;0,005775923;B44;C16;DR4
586;44;16;7;0,031433909;B44;C16;DR7
587;44;16;8;0,0004629;B44;C16;DR8
588;44;16;9;4,06E-05;B44;C16;DR9
589;44;17;13;1,32E-05;B44;C17;DR13
590;44;2;1;0,003570015;B44;C2;DR1
591;44;2;10;0,000174556;B44;C2;DR10
592;44;2;11;0,000317632;B44;C2;DR11
593;44;2;12;4,13E-05;B44;C2;DR12
594;44;2;13;0,001294361;B44;C2;DR13
595;44;2;14;1,54E-05;B44;C2;DR14
596;44;2;15;0,000183973;B44;C2;DR15
597;44;2;16;0,000487264;B44;C2;DR16
598;44;2;3;0,000635731;B44;C2;DR3
599;44;2;4;0,000540838;B44;C2;DR4
600;44;2;7;0,000372018;B44;C2;DR7
601;44;2;8;3,56E-05;B44;C2;DR8
602;44;3;16;1,60E-05;B44;C3;DR16
603;44;3;3;2,08E-05;B44;C3;DR3
604;44;3;4;3,41E-05;B44;C3;DR4
605;44;3;7;0,000132596;B44;C3;DR7
606;44;4;1;0,00155772;B44;C4;DR1
607;44;4;10;0,000361213;B44;C4;DR10
608;44;4;11;0,001051657;B44;C4;DR11
609;44;4;12;8,58E-05;B44;C4;DR12
610;44;4;13;0,002217602;B44;C4;DR13
611;44;4;14;8,59E-05;B44;C4;DR14
612;44;4;15;0,001052978;B44;C4;DR15
613;44;4;16;9,18E-05;B44;C4;DR16
614;44;4;3;0,000972249;B44;C4;DR3
615;44;4;4;0,001467598;B44;C4;DR4
616;44;4;7;0,019766877;B44;C4;DR7
617;44;4;8;0,000138318;B44;C4;DR8
618;44;5;1;0,003351939;B44;C5;DR1
619;44;5;10;0,000443447;B44;C5;DR10
620;44;5;11;0,004180989;B44;C5;DR11
621;44;5;12;0,005268582;B44;C5;DR12
622;44;5;13;0,014078385;B44;C5;DR13
623;44;5;14;0,001205234;B44;C5;DR14
624;44;5;15;0,002710868;B44;C5;DR15
625;44;5;16;0,000424396;B44;C5;DR16
626;44;5;3;0,00118621;B44;C5;DR3
627;44;5;4;0,015646875;B44;C5;DR4
628;44;5;7;0,004429766;B44;C5;DR7
629;44;5;8;0,002080961;B44;C5;DR8
630;44;5;9;7,24E-05;B44;C5;DR9
631;44;6;1;0,000141346;B44;C6;DR1
632;44;6;11;4,72E-05;B44;C6;DR11
633;44;6;12;1,45E-05;B44;C6;DR12
634;44;6;13;5,58E-05;B44;C6;DR13
635;44;6;14;4,11E-05;B44;C6;DR14
636;44;6;7;0,000124058;B44;C6;DR7
637;44;7;1;0,000290482;B44;C7;DR1
638;44;7;10;3,71E-05;B44;C7;DR10
639;44;7;11;0,002062185;B44;C7;DR11
640;44;7;12;0,000174129;B44;C7;DR12
641;44;7;13;0,000251831;B44;C7;DR13
642;44;7;14;0,00020598;B44;C7;DR14
643;44;7;15;3,91E-05;B44;C7;DR15
644;44;7;16;0,00183371;B44;C7;DR16
645;44;7;3;0,000161472;B44;C7;DR3
646;44;7;4;0,000213563;B44;C7;DR4
647;44;7;7;0,000528876;B44;C7;DR7
648;44;7;8;0,000218699;B44;C7;DR8
649;44;7;9;4,83E-06;B44;C7;DR9
650;44;8;13;7,96E-05;B44;C8;DR13
651;44;8;4;3,59E-05;B44;C8;DR4
652;44;8;8;4,26E-06;B44;C8;DR8
653;45;12;13;3,17E-05;B45;C12;DR13
654;45;14;1;1,30E-05;B45;C14;DR1
655;45;15;13;7,17E-06;B45;C15;DR13
656;45;15;3;1,21E-05;B45;C15;DR3
657;45;16;1;0,000117763;B45;C16;DR1
658;45;16;10;0,002736245;B45;C16;DR10
659;45;16;11;3,78E-05;B45;C16;DR11
660;45;16;12;0,000231802;B45;C16;DR12
661;45;16;13;0,000232471;B45;C16;DR13
662;45;16;14;0,000194104;B45;C16;DR14
663;45;16;15;0,000261965;B45;C16;DR15
664;45;16;16;3,96E-05;B45;C16;DR16
665;45;16;3;0,000504358;B45;C16;DR3
666;45;16;4;0,00015711;B45;C16;DR4
667;45;16;7;0,000208474;B45;C16;DR7
668;45;16;8;5,80E-05;B45;C16;DR8
669;45;16;9;5,85E-05;B45;C16;DR9
670;45;17;15;1,32E-05;B45;C17;DR15
671;45;4;10;1,35E-05;B45;C4;DR10
672;45;6;1;0,000155089;B45;C6;DR1
673;45;6;10;7,19E-05;B45;C6;DR10
674;45;6;11;0,001030293;B45;C6;DR11
675;45;6;13;0,001050897;B45;C6;DR13
676;45;6;15;0,000554075;B45;C6;DR15
677;45;6;16;2,34E-05;B45;C6;DR16
678;45;6;3;3,04E-05;B45;C6;DR3
679;45;6;4;0,002222077;B45;C6;DR4
680;45;6;7;0,002251622;B45;C6;DR7
681;45;6;9;0,000837261;B45;C6;DR9
682;45;7;4;1,77E-05;B45;C7;DR4
683;46;1;13;3,73E-05;B46;C1;DR13
684;46;1;9;1,53E-05;B46;C1;DR9
685;47;16;1;9,70E-10;B47;C16;DR1
686;47;3;4;0,000403342;B47;C3;DR4
687;47;3;7;8,09E-05;B47;C3;DR7
688;47;6;1;6,32E-05;B47;C6;DR1
689;47;6;10;0,000295883;B47;C6;DR10
690;47;6;11;7,99E-05;B47;C6;DR11
691;47;6;13;0,000610149;B47;C6;DR13
692;47;6;14;4,04E-05;B47;C6;DR14
693;47;6;15;2,51E-05;B47;C6;DR15
694;47;6;16;1,80E-05;B47;C6;DR16
695;47;6;4;0,000129123;B47;C6;DR4
696;47;6;7;0,000145471;B47;C6;DR7
697;47;7;11;3,61E-05;B47;C7;DR11
698;47;7;12;0,000152123;B47;C7;DR12
699;47;7;13;0,000468077;B47;C7;DR13
700;47;7;15;2,66E-05;B47;C7;DR15
701;47;7;16;1,12E-09;B47;C7;DR16
702;47;7;4;0,000110403;B47;C7;DR4
703;48;4;14;1,32E-05;B48;C4;DR14
704;48;8;11;0,000710719;B48;C8;DR11
705;48;8;15;2,85E-05;B48;C8;DR15
706;48;8;3;4,79E-05;B48;C8;DR3
707;48;8;4;1,23E-05;B48;C8;DR4
708;48;8;7;1,65E-05;B48;C8;DR7
709;48;8;9;1,32E-05;B48;C8;DR9
710;49;12;7;1,33E-05;B49;C12;DR7
711;49;14;4;1,32E-05;B49;C14;DR4
712;49;15;8;1,33E-05;B49;C15;DR8
713;49;16;13;1,33E-05;B49;C16;DR13
714;49;16;4;1,39E-09;B49;C16;DR4
715;49;2;1;0,000206993;B49;C2;DR1
716;49;2;11;3,28E-05;B49;C2;DR11
717;49;2;4;8,32E-06;B49;C2;DR4
718;49;3;10;1,40E-05;B49;C3;DR10
719;49;5;1;9,27E-06;B49;C5;DR1
720;49;6;1;2,30E-05;B49;C6;DR1
721;49;6;11;1,18E-05;B49;C6;DR11
722;49;6;13;0,000104447;B49;C6;DR13
723;49;6;14;1,30E-05;B49;C6;DR14
724;49;6;3;1,61E-05;B49;C6;DR3
725;49;6;9;1,40E-05;B49;C6;DR9
726;49;7;1;0,003031161;B49;C7;DR1
727;49;7;10;0,001035301;B49;C7;DR10
728;49;7;11;0,003634818;B49;C7;DR11
729;49;7;12;0,000130589;B49;C7;DR12
730;49;7;13;0,007509216;B49;C7;DR13
731;49;7;14;0,000112452;B49;C7;DR14
732;49;7;15;0,002427807;B49;C7;DR15
733;49;7;3;0,000652335;B49;C7;DR3
734;49;7;4;0,01064976;B49;C7;DR4
735;49;7;7;0,002993261;B49;C7;DR7
736;49;7;8;0,001098864;B49;C7;DR8
737;49;7;9;0,000144933;B49;C7;DR9
738;49;8;4;1,32E-05;B49;C8;DR4
739;50;1;13;1,61E-05;B50;C1;DR13
740;50;1;9;2,37E-05;B50;C1;DR9
741;50;12;13;7,57E-05;B50;C12;DR13
742;50;12;15;0,000141578;B50;C12;DR15
743;50;12;8;1,43E-05;B50;C12;DR8
744;50;15;4;1,75E-05;B50;C15;DR4
745;50;15;7;0,000518527;B50;C15;DR7
746;50;16;7;7,20E-05;B50;C16;DR7
747;50;17;3;3,95E-05;B50;C17;DR3
748;50;2;7;2,84E-05;B50;C2;DR7
749;50;3;11;0,000127403;B50;C3;DR11
750;50;4;1;1,17E-05;B50;C4;DR1
751;50;4;11;0,000451407;B50;C4;DR11
752;50;4;13;0,001149414;B50;C4;DR13
753;50;4;14;0,001861053;B50;C4;DR14
754;50;4;15;0,000551965;B50;C4;DR15
755;50;4;3;3,29E-05;B50;C4;DR3
756;50;4;4;0,000430556;B50;C4;DR4
757;50;4;7;0,000362157;B50;C4;DR7
758;50;4;8;4,25E-05;B50;C4;DR8
759;50;5;1;0,000102385;B50;C5;DR1
760;50;5;11;0,000102436;B50;C5;DR11
761;50;5;13;0,000395257;B50;C5;DR13
762;50;5;14;4,94E-05;B50;C5;DR14
763;50;5;16;2,82E-05;B50;C5;DR16
764;50;5;7;0,000605522;B50;C5;DR7
765;50;5;8;5,03E-05;B50;C5;DR8
766;50;6;1;0,000791985;B50;C6;DR1
767;50;6;10;0,000139822;B50;C6;DR10
768;50;6;11;0,001581442;B50;C6;DR11
769;50;6;12;0,0004519;B50;C6;DR12
770;50;6;13;0,001918737;B50;C6;DR13
771;50;6;14;0,000119137;B50;C6;DR14
772;50;6;15;0,000231922;B50;C6;DR15
773;50;6;16;0,000100696;B50;C6;DR16
774;50;6;3;0,005234059;B50;C6;DR3
775;50;6;4;0,004326173;B50;C6;DR4
776;50;6;7;0,013922479;B50;C6;DR7
777;50;6;8;0,000847118;B50;C6;DR8
778;50;6;9;2,52E-05;B50;C6;DR9
779;50;7;13;1,65E-05;B50;C7;DR13
780;50;7;14;1,35E-05;B50;C7;DR14
781;50;7;16;1,35E-05;B50;C7;DR16
782;50;7;3;6,97E-07;B50;C7;DR3
783;50;7;7;0,000470233;B50;C7;DR7
784;50;8;14;1,32E-05;B50;C8;DR14
785;51;1;1;0,000696943;B51;C1;DR1
786;51;1;10;6,96E-05;B51;C1;DR10
787;51;1;11;0,000280748;B51;C1;DR11
788;51;1;12;8,82E-05;B51;C1;DR12
789;51;1;13;0,001023669;B51;C1;DR13
790;51;1;14;0,000195304;B51;C1;DR14
791;51;1;15;0,00024737;B51;C1;DR15
792;51;1;16;8,94E-05;B51;C1;DR16
793;51;1;3;9,32E-05;B51;C1;DR3
794;51;1;4;0,000102459;B51;C1;DR4
795;51;1;7;0,00029133;B51;C1;DR7
796;51;1;8;7,51E-05;B51;C1;DR8
797;51;12;1;0,000228938;B51;C12;DR1
798;51;12;11;0,001433989;B51;C12;DR11
799;51;12;12;2,37E-05;B51;C12;DR12
800;51;12;13;8,56E-05;B51;C12;DR13
801;51;12;14;8,49E-05;B51;C12;DR14
802;51;12;16;0,0006876;B51;C12;DR16
803;51;12;4;0,000524637;B51;C12;DR4
804;51;12;8;8,83E-06;B51;C12;DR8
805;51;14;1;0,001992346;B51;C14;DR1
806;51;14;10;3,96E-05;B51;C14;DR10
807;51;14;11;0,004041038;B51;C14;DR11
808;51;14;13;0,003975267;B51;C14;DR13
809;51;14;14;0,000710696;B51;C14;DR14
810;51;14;15;0,000767418;B51;C14;DR15
811;51;14;16;0,00029881;B51;C14;DR16
812;51;14;3;0,000782794;B51;C14;DR3
813;51;14;4;0,002753546;B51;C14;DR4
814;51;14;7;0,003011083;B51;C14;DR7
815;51;14;8;0,008011285;B51;C14;DR8
816;51;14;9;0,000149198;B51;C14;DR9
817;51;15;1;0,00232455;B51;C15;DR1
818;51;15;10;0,000341076;B51;C15;DR10
819;51;15;11;0,005129676;B51;C15;DR11
820;51;15;12;0,00130022;B51;C15;DR12
821;51;15;13;0,006146553;B51;C15;DR13
822;51;15;14;0,001397022;B51;C15;DR14
823;51;15;15;0,003601826;B51;C15;DR15
824;51;15;16;0,001489228;B51;C15;DR16
825;51;15;3;0,001608846;B51;C15;DR3
826;51;15;4;0,008363553;B51;C15;DR4
827;51;15;7;0,003809391;B51;C15;DR7
828;51;15;8;0,002432849;B51;C15;DR8
829;51;15;9;0,000969839;B51;C15;DR9
830;51;16;1;0,000433491;B51;C16;DR1
831;51;16;11;0,002512846;B51;C16;DR11
832;51;16;12;0,000701394;B51;C16;DR12
833;51;16;13;0,00139851;B51;C16;DR13
834;51;16;14;0,000294244;B51;C16;DR14
835;51;16;15;0,001021282;B51;C16;DR15
836;51;16;16;0,000480148;B51;C16;DR16
837;51;16;3;0,000333752;B51;C16;DR3
838;51;16;4;0,000795972;B51;C16;DR4
839;51;16;7;0,002581336;B51;C16;DR7
840;51;16;8;0,000111443;B51;C16;DR8
841;51;2;1;0,000786075;B51;C2;DR1
842;51;2;10;7,43E-05;B51;C2;DR10
843;51;2;11;0,002352398;B51;C2;DR11
844;51;2;12;0,000225801;B51;C2;DR12
845;51;2;13;0,001735286;B51;C2;DR13
846;51;2;14;9,62E-05;B51;C2;DR14
847;51;2;15;0,001434514;B51;C2;DR15
848;51;2;16;0,000429921;B51;C2;DR16
849;51;2;3;0,000247723;B51;C2;DR3
850;51;2;4;0,002556723;B51;C2;DR4
851;51;2;7;0,001686729;B51;C2;DR7
852;51;2;8;0,001111094;B51;C2;DR8
853;51;2;9;0,00014097;B51;C2;DR9
854;51;3;11;6,78E-05;B51;C3;DR11
855;51;3;12;3,75E-14;B51;C3;DR12
856;51;3;13;0,000263068;B51;C3;DR13
857;51;3;14;0,000206213;B51;C3;DR14
858;51;3;16;1,35E-05;B51;C3;DR16
859;51;3;3;3,28E-09;B51;C3;DR3
860;51;3;4;0,0003188;B51;C3;DR4
861;51;3;7;2,80E-05;B51;C3;DR7
862;51;3;8;2,98E-05;B51;C3;DR8
863;51;3;9;0,000472308;B51;C3;DR9
864;51;4;11;0,000237534;B51;C4;DR11
865;51;4;13;7,35E-05;B51;C4;DR13
866;51;4;15;2,46E-05;B51;C4;DR15
867;51;4;16;0,000183221;B51;C4;DR16
868;51;4;3;8,55E-05;B51;C4;DR3
869;51;4;4;0,001727957;B51;C4;DR4
870;51;4;7;4,47E-05;B51;C4;DR7
871;51;4;8;0,000584522;B51;C4;DR8
872;51;4;9;4,14E-05;B51;C4;DR9
873;51;5;1;6,85E-05;B51;C5;DR1
874;51;5;11;0,000954262;B51;C5;DR11
875;51;5;12;3,76E-05;B51;C5;DR12
876;51;5;13;0,000846701;B51;C5;DR13
877;51;5;14;1,70E-05;B51;C5;DR14
878;51;5;15;0,000231309;B51;C5;DR15
879;51;5;3;0,000249318;B51;C5;DR3
880;51;5;4;0,00010268;B51;C5;DR4
881;51;5;7;3,32E-05;B51;C5;DR7
882;51;5;8;1,58E-05;B51;C5;DR8
883;51;5;9;6,27E-05;B51;C5;DR9
884;51;6;13;1,50E-05;B51;C6;DR13
885;51;6;14;0,000119223;B51;C6;DR14
886;51;7;1;1,84E-05;B51;C7;DR1
887;51;7;10;0,000148232;B51;C7;DR10
888;51;7;11;0,000150705;B51;C7;DR11
889;51;7;13;0,002567489;B51;C7;DR13
890;51;7;15;0,000353242;B51;C7;DR15
891;51;7;3;8,96E-05;B51;C7;DR3
892;51;7;4;0,000520205;B51;C7;DR4
893;51;7;7;0,000205396;B51;C7;DR7
894;51;7;8;0,000331335;B51;C7;DR8
895;51;8;1;1,17E-05;B51;C8;DR1
896;51;8;15;1,49E-05;B51;C8;DR15
897;52;12;1;0,000153225;B52;C12;DR1
898;52;12;11;0,000249996;B52;C12;DR11
899;52;12;13;0,000584049;B52;C12;DR13
900;52;12;14;9,81E-05;B52;C12;DR14
901;52;12;15;0,005218081;B52;C12;DR15
902;52;12;3;0,000167927;B52;C12;DR3
903;52;12;4;0,000247916;B52;C12;DR4
904;52;12;7;0,000131224;B52;C12;DR7
905;52;12;8;0,000201473;B52;C12;DR8
906;52;12;9;1,34E-05;B52;C12;DR9
907;52;14;3;1,30E-05;B52;C14;DR3
908;52;15;14;2,63E-05;B52;C15;DR14
909;52;15;15;2,00E-05;B52;C15;DR15
910;52;15;16;3,85E-07;B52;C15;DR16
911;52;15;4;7,18E-05;B52;C15;DR4
912;52;15;8;2,63E-05;B52;C15;DR8
913;52;16;11;1,49E-05;B52;C16;DR11
914;52;16;13;1,93E-05;B52;C16;DR13
915;52;16;14;2,65E-05;B52;C16;DR14
916;52;16;3;1,33E-05;B52;C16;DR3
917;52;4;11;1,89E-05;B52;C4;DR11
918;52;4;15;4,00E-05;B52;C4;DR15
919;52;7;13;1,36E-05;B52;C7;DR13
920;53;1;1;1,98E-05;B53;C1;DR1
921;53;14;14;1,37E-05;B53;C14;DR14
922;53;15;1;3,91E-05;B53;C15;DR1
923;53;15;13;5,79E-05;B53;C15;DR13
924;53;15;7;0,000611269;B53;C15;DR7
925;53;15;8;4,88E-06;B53;C15;DR8
926;53;3;1;1,33E-05;B53;C3;DR1
927;53;4;1;0,001532382;B53;C4;DR1
928;53;4;10;5,25E-05;B53;C4;DR10
929;53;4;11;0,000763116;B53;C4;DR11
930;53;4;13;0,005372594;B53;C4;DR13
931;53;4;14;3,93E-06;B53;C4;DR14
932;53;4;15;2,43E-05;B53;C4;DR15
933;53;4;16;0,000337334;B53;C4;DR16
934;53;4;3;0,000467084;B53;C4;DR3
935;53;4;4;0,000687065;B53;C4;DR4
936;53;4;7;0,000371361;B53;C4;DR7
937;53;4;8;0,000126457;B53;C4;DR8
938;53;4;9;5,05E-05;B53;C4;DR9
939;53;5;8;1,36E-05;B53;C5;DR8
940;53;6;11;2,56E-05;B53;C6;DR11
941;53;6;13;1,89E-05;B53;C6;DR13
942;53;6;3;3,84E-05;B53;C6;DR3
943;53;7;1;1,38E-05;B53;C7;DR1
944;53;7;4;1,34E-05;B53;C7;DR4
945;53;7;8;2,70E-05;B53;C7;DR8
946;54;1;1;1,40E-05;B54;C1;DR1
947;54;1;4;3,86E-05;B54;C1;DR4
948;55;1;11;0,000259738;B55;C1;DR11
949;55;1;13;0,000927144;B55;C1;DR13
950;55;1;15;0,00014924;B55;C1;DR15
951;55;1;16;2,72E-05;B55;C1;DR16
952;55;1;7;6,62E-05;B55;C1;DR7
953;55;1;8;3,95E-05;B55;C1;DR8
954;55;1;9;1,65E-05;B55;C1;DR9
955;55;15;13;2,64E-05;B55;C15;DR13
956;55;16;4;1,37E-05;B55;C16;DR4
957;55;3;1;0,000543432;B55;C3;DR1
958;55;3;10;5,48E-05;B55;C3;DR10
959;55;3;11;0,000818968;B55;C3;DR11
960;55;3;13;0,000265653;B55;C3;DR13
961;55;3;14;0,002361036;B55;C3;DR14
962;55;3;15;0,000741832;B55;C3;DR15
963;55;3;16;0,00118533;B55;C3;DR16
964;55;3;3;0,000270278;B55;C3;DR3
965;55;3;4;0,001981149;B55;C3;DR4
966;55;3;7;0,00078646;B55;C3;DR7
967;55;3;8;0,000248618;B55;C3;DR8
968;55;5;13;1,42E-05;B55;C5;DR13
969;55;5;14;0,000118217;B55;C5;DR14
970;55;5;16;7,39E-06;B55;C5;DR16
971;55;5;8;1,32E-05;B55;C5;DR8
972;55;6;4;1,32E-05;B55;C6;DR4
973;56;1;1;0,00135104;B56;C1;DR1
974;56;1;11;0,000259978;B56;C1;DR11
975;56;1;13;0,000185808;B56;C1;DR13
976;56;1;14;1,20E-05;B56;C1;DR14
977;56;1;15;0,000317844;B56;C1;DR15
978;56;1;16;4,34E-05;B56;C1;DR16
979;56;1;3;6,29E-05;B56;C1;DR3
980;56;1;4;0,000203911;B56;C1;DR4
981;56;1;7;0,000236214;B56;C1;DR7
982;56;1;8;0,000946843;B56;C1;DR8
983;56;2;1;3,97E-05;B56;C2;DR1
984;56;2;13;0,000107731;B56;C2;DR13
985;56;4;7;1,32E-05;B56;C4;DR7
986;56;5;7;1,68E-05;B56;C5;DR7
987;56;5;8;3,23E-05;B56;C5;DR8
988;57;1;7;1,31E-05;B57;C1;DR7
989;57;12;1;2,47E-05;B57;C12;DR1
990;57;12;14;8,78E-06;B57;C12;DR14
991;57;12;16;1,47E-05;B57;C12;DR16
992;57;12;7;0,001009041;B57;C12;DR7
993;57;12;8;2,67E-05;B57;C12;DR8
994;57;14;7;1,58E-05;B57;C14;DR7
995;57;16;7;2,08E-05;B57;C16;DR7
996;57;17;15;1,32E-05;B57;C17;DR15
997;57;18;1;0,000277932;B57;C18;DR1
998;57;18;10;1,11E-05;B57;C18;DR10
999;57;18;13;8,47E-05;B57;C18;DR13
1000;57;18;15;0,000232064;B57;C18;DR15
1001;57;18;9;1,27E-05;B57;C18;DR9
1002;57;2;13;1,38E-05;B57;C2;DR13
1003;57;2;7;6,41E-05;B57;C2;DR7
1004;57;4;11;4,38E-05;B57;C4;DR11
1005;57;4;4;3,33E-05;B57;C4;DR4
1006;57;4;7;1,86E-05;B57;C4;DR7
1007;57;5;3;1,37E-05;B57;C5;DR3
1008;57;5;4;6,76E-05;B57;C5;DR4
1009;57;5;7;1,09E-05;B57;C5;DR7
1010;57;6;1;0,000328944;B57;C6;DR1
1011;57;6;10;0,000261945;B57;C6;DR10
1012;57;6;11;0,00035273;B57;C6;DR11
1013;57;6;12;5,19E-05;B57;C6;DR12
1014;57;6;13;0,000323951;B57;C6;DR13
1015;57;6;14;0,000119742;B57;C6;DR14
1016;57;6;15;0,000488752;B57;C6;DR15
1017;57;6;16;0,000315563;B57;C6;DR16
1018;57;6;3;0,000435586;B57;C6;DR3
1019;57;6;4;0,00293583;B57;C6;DR4
1020;57;6;7;0,008370576;B57;C6;DR7
1021;57;6;8;9,67E-05;B57;C6;DR8
1022;57;7;1;0,000226879;B57;C7;DR1
1023;57;7;10;5,85E-05;B57;C7;DR10
1024;57;7;11;0,000467629;B57;C7;DR11
1025;57;7;12;7,59E-05;B57;C7;DR12
1026;57;7;13;0,001296797;B57;C7;DR13
1027;57;7;15;0,00039718;B57;C7;DR15
1028;57;7;16;9,69E-05;B57;C7;DR16
1029;57;7;3;0,001627731;B57;C7;DR3
1030;57;7;4;0,000377573;B57;C7;DR4
1031;57;7;7;0,007381347;B57;C7;DR7
1032;57;7;8;0,000464183;B57;C7;DR8
1033;57;8;8;1,32E-05;B57;C8;DR8
1034;58;12;13;1,49E-05;B58;C12;DR13
1035;58;18;4;1,32E-05;B58;C18;DR4
1036;58;3;1;0,000104229;B58;C3;DR1
1037;58;3;10;1,02E-06;B58;C3;DR10
1038;58;3;11;0,000733685;B58;C3;DR11
1039;58;3;13;0,001165197;B58;C3;DR13
1040;58;3;15;2,13E-05;B58;C3;DR15
1041;58;3;16;1,87E-05;B58;C3;DR16
1042;58;3;3;0,000541349;B58;C3;DR3
1043;58;3;4;0,000179192;B58;C3;DR4
1044;58;3;7;0,000187758;B58;C3;DR7
1045;58;3;8;2,31E-05;B58;C3;DR8
1046;58;6;11;2,76E-05;B58;C6;DR11
1047;58;6;13;3,57E-05;B58;C6;DR13
1048;58;6;15;2,65E-06;B58;C6;DR15
1049;58;6;16;2,02E-05;B58;C6;DR16
1050;58;6;3;2,57E-05;B58;C6;DR3
1051;58;6;7;3,62E-05;B58;C6;DR7
1052;58;7;1;0,000394188;B58;C7;DR1
1053;58;7;10;0,000461958;B58;C7;DR10
1054;58;7;11;0,002464968;B58;C7;DR11
1055;58;7;12;3,52E-05;B58;C7;DR12
1056;58;7;13;0,00456492;B58;C7;DR13
1057;58;7;15;0,000694584;B58;C7;DR15
1058;58;7;16;0,00023313;B58;C7;DR16
1059;58;7;3;0,000431711;B58;C7;DR3
1060;58;7;4;0,001336612;B58;C7;DR4
1061;58;7;7;0,003978906;B58;C7;DR7
1062;58;7;8;0,000966182;B58;C7;DR8
1063;67;12;1;0,000184348;B67;C12;DR1
1064;67;12;14;2,12E-05;B67;C12;DR14
1065;67;12;15;8,25E-05;B67;C12;DR15
1066;67;2;1;1,46E-05;B67;C2;DR1
1067;7;12;10;1,44E-05;B7;C12;DR10
1068;7;12;11;1,48E-05;B7;C12;DR11
1069;7;12;15;1,35E-05;B7;C12;DR15
1070;7;12;16;2,53E-05;B7;C12;DR16
1071;7;12;7;1,56E-05;B7;C12;DR7
1072;7;12;8;9,93E-05;B7;C12;DR8
1073;7;15;1;0,000161923;B7;C15;DR1
1074;7;15;10;0,000693976;B7;C15;DR10
1075;7;15;11;0,000465616;B7;C15;DR11
1076;7;15;13;0,000197676;B7;C15;DR13
1077;7;15;14;6,61E-06;B7;C15;DR14
1078;7;15;16;9,12E-05;B7;C15;DR16
1079;7;15;3;5,48E-05;B7;C15;DR3
1080;7;15;4;0,002474381;B7;C15;DR4
1081;7;15;7;0,001054218;B7;C15;DR7
1082;7;15;8;9,80E-05;B7;C15;DR8
1083;7;16;11;6,57E-06;B7;C16;DR11
1084;7;16;15;5,49E-05;B7;C16;DR15
1085;7;17;15;1,34E-05;B7;C17;DR15
1086;7;2;1;3,99E-10;B7;C2;DR1
1087;7;2;11;2,57E-05;B7;C2;DR11
1088;7;2;13;1,32E-12;B7;C2;DR13
1089;7;2;14;5,28E-06;B7;C2;DR14
1090;7;2;15;0,000224144;B7;C2;DR15
1091;7;2;7;1,55E-05;B7;C2;DR7
1092;7;3;15;3,17E-05;B7;C3;DR15
1093;7;3;4;9,53E-06;B7;C3;DR4
1094;7;4;1;1,20E-05;B7;C4;DR1
1095;7;4;15;2,23E-05;B7;C4;DR15
1096;7;5;12;7,26E-06;B7;C5;DR12
1097;7;5;13;4,72E-05;B7;C5;DR13
1098;7;5;15;5,95E-05;B7;C5;DR15
1099;7;6;13;2,79E-05;B7;C6;DR13
1100;7;7;1;0,003005411;B7;C7;DR1
1101;7;7;10;0,000249682;B7;C7;DR10
1102;7;7;11;0,002470998;B7;C7;DR11
1103;7;7;12;0,000940037;B7;C7;DR12
1104;7;7;13;0,004589035;B7;C7;DR13
1105;7;7;14;0,001304987;B7;C7;DR14
1106;7;7;15;0,028081484;B7;C7;DR15
1107;7;7;16;0,003264503;B7;C7;DR16
1108;7;7;3;0,001143244;B7;C7;DR3
1109;7;7;4;0,004142564;B7;C7;DR4
1110;7;7;7;0,002495739;B7;C7;DR7
1111;7;7;8;0,002137238;B7;C7;DR8
1112;7;7;9;0,000312907;B7;C7;DR9
1113;73;15;15;2,39E-05;B73;C15;DR15
1114;73;15;4;0,000338784;B73;C15;DR4
1115;73;2;8;5,78E-06;B73;C2;DR8
1116;78;16;1;7,57E-05;B78;C16;DR1
1117;78;16;11;6,84E-05;B78;C16;DR11
1118;78;16;13;0,000869729;B78;C16;DR13
1119;78;16;15;1,94E-05;B78;C16;DR15
1120;78;16;8;3,28E-05;B78;C16;DR8
1121;78;6;13;1,32E-05;B78;C6;DR13
1122;8;12;3;2,82E-05;B8;C12;DR3
1123;8;16;10;2,09E-05;B8;C16;DR10
1124;8;16;3;4,00E-05;B8;C16;DR3
1125;8;16;4;5,44E-06;B8;C16;DR4
1126;8;2;3;3,75E-05;B8;C2;DR3
1127;8;3;11;0,000109959;B8;C3;DR11
1128;8;3;13;0,000519291;B8;C3;DR13
1129;8;3;15;2,56E-05;B8;C3;DR15
1130;8;3;16;1,18E-05;B8;C3;DR16
1131;8;3;3;0,000226356;B8;C3;DR3
1132;8;3;4;2,13E-05;B8;C3;DR4
1133;8;4;3;1,80E-05;B8;C4;DR3
1134;8;5;3;5,99E-05;B8;C5;DR3
1135;8;6;12;1,32E-05;B8;C6;DR12
1136;8;6;16;1,49E-05;B8;C6;DR16
1137;8;6;3;1,43E-05;B8;C6;DR3
1138;8;6;7;1,35E-05;B8;C6;DR7
1139;8;7;1;0,001566329;B8;C7;DR1
1140;8;7;10;0,000555427;B8;C7;DR10
1141;8;7;11;0,001916684;B8;C7;DR11
1142;8;7;12;0,000426368;B8;C7;DR12
1143;8;7;13;0,002591621;B8;C7;DR13
1144;8;7;14;0,000364499;B8;C7;DR14
1145;8;7;15;0,002173132;B8;C7;DR15
1146;8;7;16;0,00039367;B8;C7;DR16
1147;8;7;3;0,050114162;B8;C7;DR3
1148;8;7;4;0,00142682;B8;C7;DR4
1149;8;7;7;0,003853578;B8;C7;DR7
1150;8;7;8;0,000318434;B8;C7;DR8
1151;8;7;9;0,000179799;B8;C7;DR9
1152;8;8;3;1,75E-05;B8;C8;DR3
1153;81;18;1;1,34E-05;B81;C18;DR1
1154;81;18;11;1,32E-05;B81;C18;DR11
1155;81;18;15;7,69E-06;B81;C18;DR15
1156;81;18;4;3,16E-05;B81;C18;DR4
1157;81;8;14;1,32E-05;B81;C8;DR14
1158;82;3;11;1,32E-05;B82;C3;DR11
