;A;C;DR;freq;AA;CC;DDR
1880;80;8;3;8,76E-05;A80;C8;DR3
1879;80;7;8;9,10E-05;A80;C7;DR8
1878;80;7;7;2,73E-05;A80;C7;DR7
1877;80;7;3;3,06E-05;A80;C7;DR3
1876;80;4;9;1,06E-05;A80;C4;DR9
1875;80;4;7;9,06E-05;A80;C4;DR7
1874;80;4;15;3,36E-05;A80;C4;DR15
1873;80;4;13;0,000280356;A80;C4;DR13
1872;80;3;3;3,02E-05;A80;C3;DR3
1871;80;2;11;2,55E-05;A80;C2;DR11
1870;80;2;1;1,32E-05;A80;C2;DR1
1869;80;17;7;1,32E-05;A80;C17;DR7
1868;80;16;1;2,63E-05;A80;C16;DR1
1867;80;15;11;3,56E-06;A80;C15;DR11
1866;80;12;9;1,29E-05;A80;C12;DR9
1865;74;8;7;7,66E-05;A74;C8;DR7
1864;74;8;10;2,63E-05;A74;C8;DR10
1863;74;6;12;3,95E-05;A74;C6;DR12
1862;74;5;8;1,32E-05;A74;C5;DR8
1861;74;4;8;0,000138223;A74;C4;DR8
1860;74;4;7;0,000116485;A74;C4;DR7
1859;74;4;4;1,50E-05;A74;C4;DR4
1858;74;4;16;1,90E-05;A74;C4;DR16
1857;74;4;14;1,32E-05;A74;C4;DR14
1856;74;4;11;1,32E-07;A74;C4;DR11
1855;74;3;11;1,56E-05;A74;C3;DR11
1854;74;3;1;2,63E-05;A74;C3;DR1
1853;74;2;3;3,30E-05;A74;C2;DR3
1852;74;2;13;0,000360001;A74;C2;DR13
1851;74;2;11;0,000103763;A74;C2;DR11
1850;74;2;1;2,33E-06;A74;C2;DR1
1849;74;17;3;3,95E-05;A74;C17;DR3
1848;74;16;7;3,33E-05;A74;C16;DR7
1847;74;16;4;7,73E-06;A74;C16;DR4
1846;74;16;12;1,32E-05;A74;C16;DR12
1845;74;16;1;2,63E-05;A74;C16;DR1
1844;69;7;4;8,45E-05;A69;C7;DR4
1843;69;7;14;1,52E-05;A69;C7;DR14
1842;69;7;13;0,000689744;A69;C7;DR13
1841;69;6;15;2,54E-05;A69;C6;DR15
1840;69;5;7;1,71E-05;A69;C5;DR7
1839;69;5;4;4,03E-05;A69;C5;DR4
1838;69;5;3;2,41E-05;A69;C5;DR3
1837;69;5;14;0,000175956;A69;C5;DR14
1836;69;5;13;1,84E-05;A69;C5;DR13
1835;69;4;7;4,43E-05;A69;C4;DR7
1834;69;3;4;8,33E-05;A69;C3;DR4
1833;69;3;12;1,66E-05;A69;C3;DR12
1832;69;3;11;0,000434327;A69;C3;DR11
1831;69;3;1;0,00014961;A69;C3;DR1
1830;69;16;1;1,41E-05;A69;C16;DR1
1829;69;15;9;1,78E-05;A69;C15;DR9
1828;69;15;7;1,99E-05;A69;C15;DR7
1827;69;15;4;2,63E-05;A69;C15;DR4
1826;69;15;3;3,48E-05;A69;C15;DR3
1825;69;15;10;7,81E-05;A69;C15;DR10
1824;69;14;10;1,24E-05;A69;C14;DR10
1823;69;14;1;1,53E-05;A69;C14;DR1
1822;69;12;7;2,26E-05;A69;C12;DR7
1821;69;12;4;0,000312465;A69;C12;DR4
1820;69;12;3;4,43E-13;A69;C12;DR3
1819;69;12;15;0,00025728;A69;C12;DR15
1818;69;12;14;2,71E-05;A69;C12;DR14
1817;69;12;13;0,00018298;A69;C12;DR13
1816;69;12;11;0,00023403;A69;C12;DR11
1815;69;12;10;1,44E-05;A69;C12;DR10
1814;69;1;9;7,71E-05;A69;C1;DR9
1813;69;1;7;1,39E-05;A69;C1;DR7
1812;69;1;4;7,10E-06;A69;C1;DR4
1811;69;1;11;0,000169238;A69;C1;DR11
1810;68;8;8;9,99E-05;A68;C8;DR8
1809;68;8;7;0,000505552;A68;C8;DR7
1808;68;8;4;5,95E-05;A68;C8;DR4
1807;68;8;3;8,58E-06;A68;C8;DR3
1806;68;8;15;1,52E-05;A68;C8;DR15
1805;68;8;14;3,11E-06;A68;C8;DR14
1804;68;8;13;0,000681333;A68;C8;DR13
1803;68;8;12;0,000130853;A68;C8;DR12
1802;68;8;11;0,000115918;A68;C8;DR11
1801;68;8;1;0,000513574;A68;C8;DR1
1800;68;7;9;0,000182364;A68;C7;DR9
1799;68;7;8;0,000460203;A68;C7;DR8
1798;68;7;7;0,000671295;A68;C7;DR7
1797;68;7;4;0,002153067;A68;C7;DR4
1796;68;7;3;0,00251707;A68;C7;DR3
1795;68;7;16;5,18E-05;A68;C7;DR16
1794;68;7;15;0,002090987;A68;C7;DR15
1793;68;7;14;6,34E-05;A68;C7;DR14
1792;68;7;13;0,001985613;A68;C7;DR13
1791;68;7;12;8,06E-05;A68;C7;DR12
1790;68;7;11;0,001241758;A68;C7;DR11
1789;68;7;10;0,000105692;A68;C7;DR10
1788;68;7;1;0,000864412;A68;C7;DR1
1787;68;6;9;1,28E-05;A68;C6;DR9
1786;68;6;7;0,000310385;A68;C6;DR7
1785;68;6;4;0,000697404;A68;C6;DR4
1784;68;6;3;0,000895037;A68;C6;DR3
1783;68;6;15;4,13E-05;A68;C6;DR15
1782;68;6;14;3,85E-05;A68;C6;DR14
1781;68;6;11;0,000129541;A68;C6;DR11
1780;68;6;10;1,67E-05;A68;C6;DR10
1779;68;6;1;0,000160373;A68;C6;DR1
1778;68;5;8;3,87E-06;A68;C5;DR8
1777;68;5;7;5,82E-05;A68;C5;DR7
1776;68;5;4;0,000223033;A68;C5;DR4
1775;68;5;3;0,000116567;A68;C5;DR3
1774;68;5;15;0,000348188;A68;C5;DR15
1773;68;5;13;0,000689517;A68;C5;DR13
1772;68;5;12;6,37E-05;A68;C5;DR12
1771;68;5;11;4,42E-05;A68;C5;DR11
1770;68;5;1;6,39E-05;A68;C5;DR1
1769;68;4;9;3,55E-05;A68;C4;DR9
1768;68;4;8;0,000818625;A68;C4;DR8
1767;68;4;7;0,000861456;A68;C4;DR7
1766;68;4;4;0,000939142;A68;C4;DR4
1765;68;4;3;0,000163965;A68;C4;DR3
1764;68;4;16;0,00022394;A68;C4;DR16
1763;68;4;15;0,000160441;A68;C4;DR15
1762;68;4;14;4,32E-05;A68;C4;DR14
1761;68;4;13;0,002872209;A68;C4;DR13
1760;68;4;12;0,000180223;A68;C4;DR12
1759;68;4;11;0,000444932;A68;C4;DR11
1758;68;4;10;0,000605138;A68;C4;DR10
1757;68;4;1;0,002231858;A68;C4;DR1
1756;68;3;8;1,74E-06;A68;C3;DR8
1755;68;3;7;0,000417455;A68;C3;DR7
1754;68;3;4;0,001617654;A68;C3;DR4
1753;68;3;3;8,95E-06;A68;C3;DR3
1752;68;3;16;0,00017622;A68;C3;DR16
1751;68;3;15;0,000385624;A68;C3;DR15
1750;68;3;13;0,000661932;A68;C3;DR13
1749;68;3;11;0,000215856;A68;C3;DR11
1748;68;3;10;1,52E-05;A68;C3;DR10
1747;68;3;1;0,00014191;A68;C3;DR1
1746;68;2;9;0,000111116;A68;C2;DR9
1745;68;2;7;0,000287213;A68;C2;DR7
1744;68;2;4;0,000520594;A68;C2;DR4
1743;68;2;3;0,000280999;A68;C2;DR3
1742;68;2;16;0,000109268;A68;C2;DR16
1741;68;2;15;0,000186787;A68;C2;DR15
1740;68;2;14;6,33E-06;A68;C2;DR14
1739;68;2;13;0,000479493;A68;C2;DR13
1738;68;2;11;0,00011963;A68;C2;DR11
1737;68;2;10;0,000107355;A68;C2;DR10
1736;68;2;1;0,000488998;A68;C2;DR1
1735;68;18;13;2,25E-05;A68;C18;DR13
1734;68;18;11;2,16E-05;A68;C18;DR11
1733;68;17;8;2,09E-05;A68;C17;DR8
1732;68;17;13;0,000237846;A68;C17;DR13
1731;68;17;11;1,08E-05;A68;C17;DR11
1730;68;16;7;0,001081083;A68;C16;DR7
1729;68;16;4;0,000117272;A68;C16;DR4
1728;68;16;3;7,23E-05;A68;C16;DR3
1727;68;16;16;2,47E-05;A68;C16;DR16
1726;68;16;15;5,56E-05;A68;C16;DR15
1725;68;16;13;0,001059372;A68;C16;DR13
1724;68;16;11;0,0005646;A68;C16;DR11
1723;68;16;10;3,71E-05;A68;C16;DR10
1722;68;16;1;0,000246827;A68;C16;DR1
1721;68;15;9;5,68E-05;A68;C15;DR9
1720;68;15;8;0,000273357;A68;C15;DR8
1719;68;15;7;0,000186009;A68;C15;DR7
1718;68;15;4;0,000457794;A68;C15;DR4
1717;68;15;3;0,000811362;A68;C15;DR3
1716;68;15;16;9,86E-06;A68;C15;DR16
1715;68;15;15;0,000440627;A68;C15;DR15
1714;68;15;14;0,000295462;A68;C15;DR14
1713;68;15;13;0,00142841;A68;C15;DR13
1712;68;15;12;5,71E-05;A68;C15;DR12
1711;68;15;11;0,000261732;A68;C15;DR11
1710;68;15;10;0,000207044;A68;C15;DR10
1709;68;15;1;1,48E-05;A68;C15;DR1
1708;68;14;8;0,000477101;A68;C14;DR8
1707;68;14;7;0,000417605;A68;C14;DR7
1706;68;14;4;0,000566701;A68;C14;DR4
1705;68;14;3;6,70E-05;A68;C14;DR3
1704;68;14;15;9,90E-05;A68;C14;DR15
1703;68;14;13;0,000555981;A68;C14;DR13
1702;68;14;11;0,000200821;A68;C14;DR11
1701;68;12;8;4,16E-05;A68;C12;DR8
1700;68;12;7;0,000906157;A68;C12;DR7
1699;68;12;4;0,0004178;A68;C12;DR4
1698;68;12;3;4,47E-05;A68;C12;DR3
1697;68;12;16;0,000160362;A68;C12;DR16
1696;68;12;15;0,000714055;A68;C12;DR15
1695;68;12;14;0,000181328;A68;C12;DR14
1694;68;12;13;0,000966048;A68;C12;DR13
1693;68;12;12;4,86E-05;A68;C12;DR12
1692;68;12;11;0,000314377;A68;C12;DR11
1691;68;12;10;4,38E-12;A68;C12;DR10
1690;68;12;1;0,00013506;A68;C12;DR1
1689;68;1;9;9,32E-05;A68;C1;DR9
1688;68;1;8;0,000259655;A68;C1;DR8
1687;68;1;4;3,14E-05;A68;C1;DR4
1686;68;1;16;2,50E-05;A68;C1;DR16
1685;68;1;15;6,62E-05;A68;C1;DR15
1684;68;1;14;8,02E-06;A68;C1;DR14
1683;68;1;13;0,000484502;A68;C1;DR13
1682;68;1;11;9,31E-12;A68;C1;DR11
1681;68;1;10;5,08E-05;A68;C1;DR10
1680;68;1;1;0,000140843;A68;C1;DR1
1679;66;8;10;1,35E-05;A66;C8;DR10
1678;66;8;1;2,38E-05;A66;C8;DR1
1677;66;7;7;3,16E-05;A66;C7;DR7
1676;66;7;4;0,000203414;A66;C7;DR4
1675;66;7;3;9,84E-05;A66;C7;DR3
1674;66;7;16;3,48E-05;A66;C7;DR16
1673;66;7;15;3,27E-05;A66;C7;DR15
1672;66;7;13;4,45E-05;A66;C7;DR13
1671;66;7;11;2,88E-05;A66;C7;DR11
1670;66;6;9;2,93E-05;A66;C6;DR9
1669;66;6;7;1,37E-06;A66;C6;DR7
1668;66;6;4;0,000688781;A66;C6;DR4
1667;66;6;3;5,05E-05;A66;C6;DR3
1666;66;6;16;5,25E-10;A66;C6;DR16
1665;66;6;13;2,89E-05;A66;C6;DR13
1664;66;6;11;1,65E-05;A66;C6;DR11
1663;66;6;10;1,44E-05;A66;C6;DR10
1662;66;6;1;9,52E-06;A66;C6;DR1
1661;66;5;7;3,38E-05;A66;C5;DR7
1660;66;5;4;3,56E-05;A66;C5;DR4
1659;66;5;3;9,08E-06;A66;C5;DR3
1658;66;5;11;1,69E-05;A66;C5;DR11
1657;66;5;1;4,43E-05;A66;C5;DR1
1656;66;4;8;4,14E-05;A66;C4;DR8
1655;66;4;7;0,00037006;A66;C4;DR7
1654;66;4;4;0,001710267;A66;C4;DR4
1653;66;4;3;8,47E-05;A66;C4;DR3
1652;66;4;15;5,90E-05;A66;C4;DR15
1651;66;4;13;1,57E-06;A66;C4;DR13
1650;66;4;1;8,81E-05;A66;C4;DR1
1649;66;3;7;2,47E-05;A66;C3;DR7
1648;66;3;4;1,77E-05;A66;C3;DR4
1647;66;3;3;1,22E-05;A66;C3;DR3
1646;66;3;15;7,44E-12;A66;C3;DR15
1645;66;3;12;2,21E-05;A66;C3;DR12
1644;66;3;11;1,47E-05;A66;C3;DR11
1643;66;2;4;3,38E-05;A66;C2;DR4
1642;66;2;16;2,71E-05;A66;C2;DR16
1641;66;2;13;7,18E-06;A66;C2;DR13
1640;66;2;11;0,000149289;A66;C2;DR11
1639;66;17;7;0,001321553;A66;C17;DR7
1638;66;17;4;0,000379161;A66;C17;DR4
1637;66;17;3;0,000163309;A66;C17;DR3
1636;66;17;15;3,74E-05;A66;C17;DR15
1635;66;17;14;0,000106639;A66;C17;DR14
1634;66;17;13;0,001393601;A66;C17;DR13
1633;66;17;11;7,48E-05;A66;C17;DR11
1632;66;16;7;9,28E-05;A66;C16;DR7
1631;66;16;14;1,61E-05;A66;C16;DR14
1630;66;16;13;6,09E-05;A66;C16;DR13
1629;66;16;11;0,000218575;A66;C16;DR11
1628;66;16;1;1,90E-05;A66;C16;DR1
1627;66;15;7;3,03E-05;A66;C15;DR7
1626;66;15;4;0,000142692;A66;C15;DR4
1625;66;15;15;4,60E-05;A66;C15;DR15
1624;66;15;13;1,51E-05;A66;C15;DR13
1623;66;15;12;3,28E-07;A66;C15;DR12
1622;66;15;11;1,90E-05;A66;C15;DR11
1621;66;14;7;4,22E-06;A66;C14;DR7
1620;66;14;11;2,31E-05;A66;C14;DR11
1619;66;12;8;4,80E-05;A66;C12;DR8
1618;66;12;7;0,000454852;A66;C12;DR7
1617;66;12;4;2,43E-05;A66;C12;DR4
1616;66;12;14;2,61E-05;A66;C12;DR14
1615;66;12;13;5,02E-05;A66;C12;DR13
1614;66;12;11;0,000212583;A66;C12;DR11
1613;66;1;9;8,99E-06;A66;C1;DR9
1612;66;1;11;2,45E-06;A66;C1;DR11
1611;36;6;12;1,42E-05;A36;C6;DR12
1610;36;6;11;1,60E-05;A36;C6;DR11
1609;36;5;12;1,32E-05;A36;C5;DR12
1608;36;4;16;0,000350555;A36;C4;DR16
1607;36;4;11;0,000155687;A36;C4;DR11
1606;36;16;1;1,32E-05;A36;C16;DR1
1605;36;14;7;4,23E-07;A36;C14;DR7
1604;36;14;11;2,90E-05;A36;C14;DR11
1603;34;8;4;1,43E-05;A34;C8;DR4
1602;34;8;11;0,000119768;A34;C8;DR11
1601;34;8;1;4,08E-05;A34;C8;DR1
1600;34;7;8;4,48E-05;A34;C7;DR8
1599;34;7;7;3,85E-05;A34;C7;DR7
1598;34;7;4;0,000166921;A34;C7;DR4
1597;34;7;3;0,002402646;A34;C7;DR3
1596;34;7;14;9,66E-05;A34;C7;DR14
1595;34;7;13;0,000163974;A34;C7;DR13
1594;34;7;11;2,30E-05;A34;C7;DR11
1593;34;7;1;0,00014885;A34;C7;DR1
1592;34;6;7;0,000382758;A34;C6;DR7
1591;34;6;13;0,000100536;A34;C6;DR13
1590;34;5;4;0,000125953;A34;C5;DR4
1589;34;5;3;4,97E-05;A34;C5;DR3
1588;34;5;1;1,14E-05;A34;C5;DR1
1587;34;4;9;1,32E-05;A34;C4;DR9
1586;34;4;3;3,43E-05;A34;C4;DR3
1585;34;4;14;1,36E-05;A34;C4;DR14
1584;34;3;8;2,40E-05;A34;C3;DR8
1583;34;3;4;3,47E-05;A34;C3;DR4
1582;34;3;11;8,14E-05;A34;C3;DR11
1581;34;17;8;1,32E-05;A34;C17;DR8
1580;34;17;3;1,90E-05;A34;C17;DR3
1579;34;17;12;1,32E-05;A34;C17;DR12
1578;34;16;7;4,89E-05;A34;C16;DR7
1577;34;16;4;2,01E-05;A34;C16;DR4
1576;34;16;13;3,10E-05;A34;C16;DR13
1575;34;15;7;1,26E-05;A34;C15;DR7
1574;34;15;4;2,26E-05;A34;C15;DR4
1573;34;15;15;1,79E-05;A34;C15;DR15
1572;34;15;13;2,24E-05;A34;C15;DR13
1571;34;15;11;1,58E-05;A34;C15;DR11
1570;34;14;7;3,35E-06;A34;C14;DR7
1569;34;14;4;3,52E-06;A34;C14;DR4
1568;34;12;15;1,59E-05;A34;C12;DR15
1567;34;1;3;1,07E-05;A34;C1;DR3
1566;34;1;13;1,89E-05;A34;C1;DR13
1565;34;1;11;1,43E-05;A34;C1;DR11
1564;33;8;9;1,90E-12;A33;C8;DR9
1563;33;8;8;0,001100079;A33;C8;DR8
1562;33;8;7;0,001897152;A33;C8;DR7
1561;33;8;4;0,000519154;A33;C8;DR4
1560;33;8;3;0,001716899;A33;C8;DR3
1559;33;8;15;0,000996139;A33;C8;DR15
1558;33;8;14;0,000248407;A33;C8;DR14
1557;33;8;13;0,002191233;A33;C8;DR13
1556;33;8;11;0,000670909;A33;C8;DR11
1555;33;8;10;0,00011134;A33;C8;DR10
1554;33;8;1;0,014198382;A33;C8;DR1
1553;33;7;7;0,000667659;A33;C7;DR7
1552;33;7;4;0,000166854;A33;C7;DR4
1551;33;7;3;7,06E-05;A33;C7;DR3
1550;33;7;15;0,000163915;A33;C7;DR15
1549;33;7;13;0,000114959;A33;C7;DR13
1548;33;7;11;0,000282498;A33;C7;DR11
1547;33;6;7;0,000814548;A33;C6;DR7
1546;33;6;4;0,000459958;A33;C6;DR4
1545;33;6;3;0,000472191;A33;C6;DR3
1544;33;6;16;3,32E-05;A33;C6;DR16
1543;33;6;15;2,52E-05;A33;C6;DR15
1542;33;6;13;9,90E-06;A33;C6;DR13
1541;33;6;12;3,55E-05;A33;C6;DR12
1540;33;6;1;6,42E-05;A33;C6;DR1
1539;33;5;7;5,58E-05;A33;C5;DR7
1538;33;5;4;0,000163489;A33;C5;DR4
1537;33;5;3;4,15E-05;A33;C5;DR3
1536;33;5;16;5,48E-06;A33;C5;DR16
1535;33;5;15;1,02E-08;A33;C5;DR15
1534;33;5;13;6,77E-06;A33;C5;DR13
1533;33;5;11;2,97E-05;A33;C5;DR11
1532;33;5;1;6,01E-05;A33;C5;DR1
1531;33;4;8;9,81E-05;A33;C4;DR8
1530;33;4;7;0,000219529;A33;C4;DR7
1529;33;4;3;7,96E-06;A33;C4;DR3
1528;33;4;16;1,24E-05;A33;C4;DR16
1527;33;4;15;3,63E-05;A33;C4;DR15
1526;33;4;14;3,23E-05;A33;C4;DR14
1525;33;4;13;0,000395514;A33;C4;DR13
1524;33;4;11;0,000172321;A33;C4;DR11
1523;33;4;1;0,000251863;A33;C4;DR1
1522;33;3;9;3,28E-06;A33;C3;DR9
1521;33;3;7;4,81E-05;A33;C3;DR7
1520;33;3;3;0,000102436;A33;C3;DR3
1519;33;3;16;2,49E-05;A33;C3;DR16
1518;33;3;15;2,57E-05;A33;C3;DR15
1517;33;3;13;0,000831741;A33;C3;DR13
1516;33;3;1;0,00012232;A33;C3;DR1
1515;33;2;9;3,67E-05;A33;C2;DR9
1514;33;2;8;8,61E-06;A33;C2;DR8
1513;33;2;7;0,000169346;A33;C2;DR7
1512;33;2;4;0,000119057;A33;C2;DR4
1511;33;2;3;0,000285661;A33;C2;DR3
1510;33;2;16;3,80E-05;A33;C2;DR16
1509;33;2;15;0,000227067;A33;C2;DR15
1508;33;2;13;0,000274265;A33;C2;DR13
1507;33;2;12;3,45E-05;A33;C2;DR12
1506;33;2;11;0,000240535;A33;C2;DR11
1505;33;2;10;1,21E-05;A33;C2;DR10
1504;33;2;1;0,001489158;A33;C2;DR1
1503;33;17;3;3,83E-05;A33;C17;DR3
1502;33;17;13;2,60E-05;A33;C17;DR13
1501;33;16;7;0,000482764;A33;C16;DR7
1500;33;16;16;4,82E-05;A33;C16;DR16
1499;33;16;13;5,19E-05;A33;C16;DR13
1498;33;16;11;1,20E-05;A33;C16;DR11
1497;33;16;10;6,80E-05;A33;C16;DR10
1496;33;16;1;1,65E-05;A33;C16;DR1
1495;33;15;9;1,58E-05;A33;C15;DR9
1494;33;15;8;7,80E-05;A33;C15;DR8
1493;33;15;4;3,83E-05;A33;C15;DR4
1492;33;15;3;3,16E-05;A33;C15;DR3
1491;33;15;16;6,40E-05;A33;C15;DR16
1490;33;15;15;1,68E-05;A33;C15;DR15
1489;33;15;12;4,46E-05;A33;C15;DR12
1488;33;15;11;9,69E-05;A33;C15;DR11
1487;33;15;10;1,26E-05;A33;C15;DR10
1486;33;14;8;1,55E-05;A33;C14;DR8
1485;33;14;7;6,72E-05;A33;C14;DR7
1484;33;14;3;4,53E-05;A33;C14;DR3
1483;33;14;15;3,18E-05;A33;C14;DR15
1482;33;14;14;2,23E-06;A33;C14;DR14
1481;33;14;13;8,01E-05;A33;C14;DR13
1480;33;14;10;1,38E-05;A33;C14;DR10
1479;33;14;1;2,55E-07;A33;C14;DR1
1478;33;12;9;1,32E-05;A33;C12;DR9
1477;33;12;8;0,00019716;A33;C12;DR8
1476;33;12;16;0,000190202;A33;C12;DR16
1475;33;12;15;0,000183098;A33;C12;DR15
1474;33;12;14;0,000130307;A33;C12;DR14
1473;33;12;11;0,000123208;A33;C12;DR11
1472;33;12;1;4,09E-05;A33;C12;DR1
1471;33;1;8;2,91E-05;A33;C1;DR8
1470;33;1;4;5,10E-06;A33;C1;DR4
1469;33;1;1;8,77E-05;A33;C1;DR1
1468;32;8;7;0,003463681;A32;C8;DR7
1467;32;8;4;4,70E-05;A32;C8;DR4
1466;32;8;3;0,000500332;A32;C8;DR3
1465;32;8;15;5,95E-05;A32;C8;DR15
1464;32;8;14;2,30E-05;A32;C8;DR14
1463;32;8;13;0,00047046;A32;C8;DR13
1462;32;8;12;0,000120521;A32;C8;DR12
1461;32;8;11;0,000118417;A32;C8;DR11
1460;32;8;10;0,000671216;A32;C8;DR10
1459;32;8;1;0,00153433;A32;C8;DR1
1458;32;7;8;0,000157869;A32;C7;DR8
1457;32;7;7;0,000106517;A32;C7;DR7
1456;32;7;4;0,002182235;A32;C7;DR4
1455;32;7;3;0,00058403;A32;C7;DR3
1454;32;7;16;8,63E-05;A32;C7;DR16
1453;32;7;15;0,000820496;A32;C7;DR15
1452;32;7;13;0,001370956;A32;C7;DR13
1451;32;7;12;0,000124019;A32;C7;DR12
1450;32;7;11;0,000603771;A32;C7;DR11
1449;32;7;10;9,33E-05;A32;C7;DR10
1448;32;7;1;0,000360394;A32;C7;DR1
1447;32;6;8;3,84E-05;A32;C6;DR8
1446;32;6;7;0,000960438;A32;C6;DR7
1445;32;6;4;2,56E-05;A32;C6;DR4
1444;32;6;3;0,000245653;A32;C6;DR3
1443;32;6;14;2,40E-05;A32;C6;DR14
1442;32;6;13;1,60E-05;A32;C6;DR13
1441;32;6;11;0,000187553;A32;C6;DR11
1440;32;6;10;1,18E-05;A32;C6;DR10
1439;32;5;7;0,000396437;A32;C5;DR7
1438;32;5;4;0,00091068;A32;C5;DR4
1437;32;5;3;0,000116444;A32;C5;DR3
1436;32;5;16;0,00023876;A32;C5;DR16
1435;32;5;15;7,35E-06;A32;C5;DR15
1434;32;5;14;5,54E-05;A32;C5;DR14
1433;32;5;13;0,000264586;A32;C5;DR13
1432;32;5;12;7,01E-05;A32;C5;DR12
1431;32;5;11;0,000541565;A32;C5;DR11
1430;32;5;1;0,000120883;A32;C5;DR1
1429;32;4;8;2,79E-05;A32;C4;DR8
1428;32;4;7;0,000482297;A32;C4;DR7
1427;32;4;4;0,002213832;A32;C4;DR4
1426;32;4;3;0,000175156;A32;C4;DR3
1425;32;4;16;8,45E-05;A32;C4;DR16
1424;32;4;15;4,61E-05;A32;C4;DR15
1423;32;4;14;0,000627819;A32;C4;DR14
1422;32;4;13;0,001311779;A32;C4;DR13
1421;32;4;12;0,000141871;A32;C4;DR12
1420;32;4;11;0,000903846;A32;C4;DR11
1419;32;4;10;7,63E-05;A32;C4;DR10
1418;32;4;1;0,000228985;A32;C4;DR1
1417;32;3;9;2,12E-05;A32;C3;DR9
1416;32;3;8;0,00014356;A32;C3;DR8
1415;32;3;7;0,000170479;A32;C3;DR7
1414;32;3;4;0,000671736;A32;C3;DR4
1413;32;3;16;8,53E-05;A32;C3;DR16
1412;32;3;15;9,94E-05;A32;C3;DR15
1411;32;3;14;0,000234856;A32;C3;DR14
1410;32;3;13;0,000554097;A32;C3;DR13
1409;32;3;12;5,24E-05;A32;C3;DR12
1408;32;3;11;0,000173933;A32;C3;DR11
1407;32;3;10;2,16E-05;A32;C3;DR10
1406;32;3;1;0,000542776;A32;C3;DR1
1405;32;2;9;4,69E-05;A32;C2;DR9
1404;32;2;8;9,72E-05;A32;C2;DR8
1403;32;2;7;0,00011342;A32;C2;DR7
1402;32;2;4;0,0003999;A32;C2;DR4
1401;32;2;3;0,000528296;A32;C2;DR3
1400;32;2;16;0,000261771;A32;C2;DR16
1399;32;2;15;0,000841804;A32;C2;DR15
1398;32;2;13;0,001961109;A32;C2;DR13
1397;32;2;12;7,80E-05;A32;C2;DR12
1396;32;2;11;0,000596165;A32;C2;DR11
1395;32;2;10;4,20E-07;A32;C2;DR10
1394;32;2;1;0,000669968;A32;C2;DR1
1393;32;17;4;9,28E-06;A32;C17;DR4
1392;32;17;3;8,50E-06;A32;C17;DR3
1391;32;17;11;8,45E-05;A32;C17;DR11
1390;32;16;7;0,000293922;A32;C16;DR7
1389;32;16;4;4,89E-10;A32;C16;DR4
1388;32;16;16;2,61E-06;A32;C16;DR16
1387;32;16;13;9,83E-05;A32;C16;DR13
1386;32;16;12;7,05E-05;A32;C16;DR12
1385;32;16;11;2,78E-05;A32;C16;DR11
1384;32;15;9;2,31E-05;A32;C15;DR9
1383;32;15;7;5,92E-05;A32;C15;DR7
1382;32;15;4;0,000122671;A32;C15;DR4
1381;32;15;3;0,000150107;A32;C15;DR3
1380;32;15;15;2,97E-05;A32;C15;DR15
1379;32;15;13;0,0001924;A32;C15;DR13
1378;32;15;12;0,000224082;A32;C15;DR12
1377;32;15;11;0,00035471;A32;C15;DR11
1376;32;15;10;5,34E-05;A32;C15;DR10
1375;32;15;1;0,000347539;A32;C15;DR1
1374;32;14;8;2,98E-05;A32;C14;DR8
1373;32;14;16;6,18E-06;A32;C14;DR16
1372;32;14;13;0,000150437;A32;C14;DR13
1371;32;14;1;0,000209705;A32;C14;DR1
1370;32;12;8;6,64E-05;A32;C12;DR8
1369;32;12;7;8,93E-05;A32;C12;DR7
1368;32;12;4;0,000215251;A32;C12;DR4
1367;32;12;3;6,42E-05;A32;C12;DR3
1366;32;12;16;0,000725852;A32;C12;DR16
1365;32;12;15;0,000345399;A32;C12;DR15
1364;32;12;14;0,000137151;A32;C12;DR14
1363;32;12;13;0,000332177;A32;C12;DR13
1362;32;12;11;0,000157389;A32;C12;DR11
1361;32;12;1;0,000109653;A32;C12;DR1
1360;32;1;9;3,96E-05;A32;C1;DR9
1359;32;1;8;0,000349863;A32;C1;DR8
1358;32;1;7;0,000282201;A32;C1;DR7
1357;32;1;4;0,000296688;A32;C1;DR4
1356;32;1;16;1,80E-05;A32;C1;DR16
1355;32;1;15;2,98E-06;A32;C1;DR15
1354;32;1;14;2,64E-05;A32;C1;DR14
1353;32;1;11;0,000256014;A32;C1;DR11
1352;32;1;10;2,67E-05;A32;C1;DR10
1351;32;1;1;0,000672087;A32;C1;DR1
1350;31;8;9;2,66E-05;A31;C8;DR9
1349;31;8;7;0,00032858;A31;C8;DR7
1348;31;8;4;2,68E-05;A31;C8;DR4
1347;31;8;3;2,78E-05;A31;C8;DR3
1346;31;8;16;2,64E-05;A31;C8;DR16
1345;31;8;11;0,000338066;A31;C8;DR11
1344;31;8;1;0,001040329;A31;C8;DR1
1343;31;7;9;0,000119793;A31;C7;DR9
1342;31;7;8;0,000253006;A31;C7;DR8
1341;31;7;7;0,000612032;A31;C7;DR7
1340;31;7;4;0,000291127;A31;C7;DR4
1339;31;7;3;0,00021673;A31;C7;DR3
1338;31;7;15;0,000168678;A31;C7;DR15
1337;31;7;14;0,000236263;A31;C7;DR14
1336;31;7;13;0,000314744;A31;C7;DR13
1335;31;7;12;0,000134539;A31;C7;DR12
1334;31;7;11;0,000111144;A31;C7;DR11
1333;31;6;8;4,10E-05;A31;C6;DR8
1332;31;6;7;0,00028861;A31;C6;DR7
1331;31;6;4;0,000645387;A31;C6;DR4
1330;31;6;3;0,00022365;A31;C6;DR3
1329;31;6;15;5,26E-05;A31;C6;DR15
1328;31;6;14;3,56E-05;A31;C6;DR14
1327;31;6;13;0,000148539;A31;C6;DR13
1326;31;6;12;1,56E-05;A31;C6;DR12
1325;31;6;11;3,45E-05;A31;C6;DR11
1324;31;6;10;1,11E-05;A31;C6;DR10
1323;31;6;1;5,88E-05;A31;C6;DR1
1322;31;5;7;0,000129387;A31;C5;DR7
1321;31;5;4;3,23E-07;A31;C5;DR4
1320;31;5;3;0,000267909;A31;C5;DR3
1319;31;5;15;0,000101482;A31;C5;DR15
1318;31;5;14;8,70E-05;A31;C5;DR14
1317;31;5;13;0,001021636;A31;C5;DR13
1316;31;5;11;0,000294851;A31;C5;DR11
1315;31;5;1;1,84E-05;A31;C5;DR1
1314;31;4;7;0,000667215;A31;C4;DR7
1313;31;4;4;0,000282169;A31;C4;DR4
1312;31;4;3;1,79E-05;A31;C4;DR3
1311;31;4;16;8,34E-05;A31;C4;DR16
1310;31;4;15;0,000135341;A31;C4;DR15
1309;31;4;14;8,25E-05;A31;C4;DR14
1308;31;4;13;0,000220359;A31;C4;DR13
1307;31;4;12;7,45E-05;A31;C4;DR12
1306;31;4;11;0,000133756;A31;C4;DR11
1305;31;4;1;0,000327172;A31;C4;DR1
1304;31;3;9;1,52E-05;A31;C3;DR9
1303;31;3;8;0,000232327;A31;C3;DR8
1302;31;3;7;0,000106637;A31;C3;DR7
1301;31;3;4;0,002136967;A31;C3;DR4
1300;31;3;3;7,42E-05;A31;C3;DR3
1299;31;3;16;1,69E-06;A31;C3;DR16
1298;31;3;15;0,000288911;A31;C3;DR15
1297;31;3;14;0,000159919;A31;C3;DR14
1296;31;3;13;0,000326655;A31;C3;DR13
1295;31;3;11;0,000528376;A31;C3;DR11
1294;31;3;1;0,000116631;A31;C3;DR1
1293;31;2;8;2,68E-05;A31;C2;DR8
1292;31;2;7;0,000317111;A31;C2;DR7
1291;31;2;4;4,59E-05;A31;C2;DR4
1290;31;2;3;3,94E-05;A31;C2;DR3
1289;31;2;13;0,000163543;A31;C2;DR13
1288;31;2;11;0,000165762;A31;C2;DR11
1287;31;2;10;7,17E-06;A31;C2;DR10
1286;31;2;1;0,000256792;A31;C2;DR1
1285;31;18;4;1,32E-05;A31;C18;DR4
1284;31;17;7;1,07E-05;A31;C17;DR7
1283;31;17;3;1,24E-05;A31;C17;DR3
1282;31;17;13;2,01E-05;A31;C17;DR13
1281;31;16;8;9,44E-05;A31;C16;DR8
1280;31;16;7;0,000675099;A31;C16;DR7
1279;31;16;4;1,37E-05;A31;C16;DR4
1278;31;16;13;6,35E-05;A31;C16;DR13
1277;31;16;11;0,000129388;A31;C16;DR11
1276;31;16;10;1,07E-05;A31;C16;DR10
1275;31;16;1;3,04E-05;A31;C16;DR1
1274;31;15;9;3,37E-05;A31;C15;DR9
1273;31;15;8;0,001424784;A31;C15;DR8
1272;31;15;7;0,000217776;A31;C15;DR7
1271;31;15;4;0,001769943;A31;C15;DR4
1270;31;15;3;0,000149492;A31;C15;DR3
1269;31;15;16;0,000116846;A31;C15;DR16
1268;31;15;15;0,000236175;A31;C15;DR15
1267;31;15;14;5,27E-05;A31;C15;DR14
1266;31;15;13;0,000817817;A31;C15;DR13
1265;31;15;12;0,000124822;A31;C15;DR12
1264;31;15;11;8,37E-05;A31;C15;DR11
1263;31;15;10;1,38E-05;A31;C15;DR10
1262;31;15;1;0,001105497;A31;C15;DR1
1261;31;14;8;6,21E-05;A31;C14;DR8
1260;31;14;7;5,99E-05;A31;C14;DR7
1259;31;14;4;3,82E-05;A31;C14;DR4
1258;31;14;14;6,35E-06;A31;C14;DR14
1257;31;14;13;0,000128993;A31;C14;DR13
1256;31;14;11;2,57E-05;A31;C14;DR11
1255;31;14;10;2,72E-05;A31;C14;DR10
1254;31;12;9;3,23E-05;A31;C12;DR9
1253;31;12;4;3,27E-06;A31;C12;DR4
1252;31;12;3;7,97E-05;A31;C12;DR3
1251;31;12;16;4,17E-05;A31;C12;DR16
1250;31;12;15;0,000432282;A31;C12;DR15
1249;31;12;14;0,000163451;A31;C12;DR14
1248;31;12;13;5,58E-05;A31;C12;DR13
1247;31;12;11;0,000896577;A31;C12;DR11
1246;31;12;10;1,02E-05;A31;C12;DR10
1245;31;12;1;0,000423946;A31;C12;DR1
1244;31;1;7;3,73E-05;A31;C1;DR7
1243;31;1;4;0,000173725;A31;C1;DR4
1242;31;1;3;6,12E-05;A31;C1;DR3
1241;31;1;15;6,17E-05;A31;C1;DR15
1240;31;1;13;2,76E-05;A31;C1;DR13
1239;31;1;11;1,69E-05;A31;C1;DR11
1238;31;1;1;0,000318673;A31;C1;DR1
1237;30;8;8;4,85E-06;A30;C8;DR8
1236;30;8;7;0,00054388;A30;C8;DR7
1235;30;8;4;0,000548688;A30;C8;DR4
1234;30;8;3;0,000290758;A30;C8;DR3
1233;30;8;16;1,59E-05;A30;C8;DR16
1232;30;8;15;9,29E-05;A30;C8;DR15
1231;30;8;14;3,08E-05;A30;C8;DR14
1230;30;8;13;0,00037281;A30;C8;DR13
1229;30;8;11;0,000163499;A30;C8;DR11
1228;30;8;1;0,000506495;A30;C8;DR1
1227;30;7;9;3,08E-05;A30;C7;DR9
1226;30;7;8;7,64E-05;A30;C7;DR8
1225;30;7;7;7,19E-05;A30;C7;DR7
1224;30;7;4;0,000330199;A30;C7;DR4
1223;30;7;3;0,000655464;A30;C7;DR3
1222;30;7;15;2,85E-05;A30;C7;DR15
1221;30;7;14;0,000221723;A30;C7;DR14
1220;30;7;13;0,000522245;A30;C7;DR13
1219;30;7;12;3,54E-05;A30;C7;DR12
1218;30;7;11;0,001011227;A30;C7;DR11
1217;30;7;1;9,05E-05;A30;C7;DR1
1216;30;6;9;2,53E-05;A30;C6;DR9
1215;30;6;8;5,51E-05;A30;C6;DR8
1214;30;6;7;0,004154673;A30;C6;DR7
1213;30;6;4;0,000309032;A30;C6;DR4
1212;30;6;3;0,000101972;A30;C6;DR3
1211;30;6;15;5,45E-05;A30;C6;DR15
1210;30;6;14;1,61E-05;A30;C6;DR14
1209;30;6;13;0,000175182;A30;C6;DR13
1208;30;6;12;0,000121886;A30;C6;DR12
1207;30;6;11;0,000264794;A30;C6;DR11
1206;30;6;10;0,000128375;A30;C6;DR10
1205;30;6;1;0,000448229;A30;C6;DR1
1204;30;5;8;0,000261084;A30;C5;DR8
1203;30;5;7;0,000855313;A30;C5;DR7
1202;30;5;4;0,000163439;A30;C5;DR4
1201;30;5;3;0,005005944;A30;C5;DR3
1200;30;5;16;2,67E-05;A30;C5;DR16
1199;30;5;15;0,000117156;A30;C5;DR15
1198;30;5;14;5,44E-05;A30;C5;DR14
1197;30;5;13;0,00036788;A30;C5;DR13
1196;30;5;12;6,82E-05;A30;C5;DR12
1195;30;5;11;0,000341581;A30;C5;DR11
1194;30;5;1;0,000427226;A30;C5;DR1
1193;30;4;7;0,000192954;A30;C4;DR7
1192;30;4;4;0,00031226;A30;C4;DR4
1191;30;4;16;7,25E-05;A30;C4;DR16
1190;30;4;15;0,000102463;A30;C4;DR15
1189;30;4;13;0,000834833;A30;C4;DR13
1188;30;4;12;8,03E-05;A30;C4;DR12
1187;30;4;11;0,000122161;A30;C4;DR11
1186;30;4;10;0,000100937;A30;C4;DR10
1185;30;4;1;0,000290809;A30;C4;DR1
1184;30;3;8;0,00027263;A30;C3;DR8
1183;30;3;7;1,79E-05;A30;C3;DR7
1182;30;3;3;3,36E-05;A30;C3;DR3
1181;30;3;15;3,51E-05;A30;C3;DR15
1180;30;3;14;0,000195448;A30;C3;DR14
1179;30;3;13;0,000243638;A30;C3;DR13
1178;30;3;11;0,000230528;A30;C3;DR11
1177;30;3;1;2,84E-05;A30;C3;DR1
1176;30;2;8;0,000473393;A30;C2;DR8
1175;30;2;7;1,26E-10;A30;C2;DR7
1174;30;2;4;0,000220846;A30;C2;DR4
1173;30;2;3;8,69E-05;A30;C2;DR3
1172;30;2;16;9,21E-05;A30;C2;DR16
1171;30;2;15;0,000462527;A30;C2;DR15
1170;30;2;13;0,000187003;A30;C2;DR13
1169;30;2;11;2,60E-05;A30;C2;DR11
1168;30;2;1;0,000140139;A30;C2;DR1
1167;30;18;15;1,16E-05;A30;C18;DR15
1166;30;18;1;1,36E-05;A30;C18;DR1
1165;30;17;8;4,42E-05;A30;C17;DR8
1164;30;17;7;3,54E-05;A30;C17;DR7
1163;30;17;3;0,000598723;A30;C17;DR3
1162;30;17;16;3,19E-05;A30;C17;DR16
1161;30;17;15;3,25E-05;A30;C17;DR15
1160;30;17;14;1,34E-05;A30;C17;DR14
1159;30;17;13;8,84E-05;A30;C17;DR13
1158;30;17;11;4,00E-05;A30;C17;DR11
1157;30;17;10;4,57E-05;A30;C17;DR10
1156;30;16;9;1,35E-05;A30;C16;DR9
1155;30;16;8;1,10E-05;A30;C16;DR8
1154;30;16;7;0,000920354;A30;C16;DR7
1153;30;16;4;6,89E-05;A30;C16;DR4
1152;30;16;13;6,25E-05;A30;C16;DR13
1151;30;16;11;3,07E-05;A30;C16;DR11
1150;30;16;1;0,000157029;A30;C16;DR1
1149;30;15;8;2,59E-06;A30;C15;DR8
1148;30;15;7;0,000663445;A30;C15;DR7
1147;30;15;3;7,43E-05;A30;C15;DR3
1146;30;15;16;2,16E-05;A30;C15;DR16
1145;30;15;13;8,31E-05;A30;C15;DR13
1144;30;15;12;6,76E-06;A30;C15;DR12
1143;30;15;11;5,92E-05;A30;C15;DR11
1142;30;15;1;2,32E-05;A30;C15;DR1
1141;30;14;8;6,10E-05;A30;C14;DR8
1140;30;14;7;7,92E-05;A30;C14;DR7
1139;30;14;15;9,66E-06;A30;C14;DR15
1138;30;14;14;9,00E-05;A30;C14;DR14
1137;30;14;13;0,000174384;A30;C14;DR13
1136;30;14;12;1,14E-05;A30;C14;DR12
1135;30;12;7;6,50E-05;A30;C12;DR7
1134;30;12;4;2,78E-05;A30;C12;DR4
1133;30;12;16;9,32E-05;A30;C12;DR16
1132;30;12;15;7,91E-05;A30;C12;DR15
1131;30;12;14;5,14E-05;A30;C12;DR14
1130;30;12;13;0,000160482;A30;C12;DR13
1129;30;12;11;3,64E-05;A30;C12;DR11
1128;30;1;9;5,15E-06;A30;C1;DR9
1127;30;1;4;1,03E-09;A30;C1;DR4
1126;30;1;3;1,73E-05;A30;C1;DR3
1125;30;1;12;1,76E-05;A30;C1;DR12
1124;30;1;11;2,38E-05;A30;C1;DR11
1123;30;1;10;2,22E-05;A30;C1;DR10
1122;30;1;1;3,22E-05;A30;C1;DR1
1121;3;8;8;0,000133407;A3;C8;DR8
1120;3;8;7;0,001121018;A3;C8;DR7
1119;3;8;4;0,000972181;A3;C8;DR4
1118;3;8;3;0,00048871;A3;C8;DR3
1117;3;8;16;3,09E-07;A3;C8;DR16
1116;3;8;15;8,56E-05;A3;C8;DR15
1115;3;8;14;3,65E-05;A3;C8;DR14
1114;3;8;13;0,000334391;A3;C8;DR13
1113;3;8;1;0,003115467;A3;C8;DR1
1112;3;7;9;0,000332644;A3;C7;DR9
1111;3;7;8;0,000719246;A3;C7;DR8
1110;3;7;7;0,001687533;A3;C7;DR7
1109;3;7;4;0,003114792;A3;C7;DR4
1108;3;7;3;0,002752672;A3;C7;DR3
1107;3;7;16;0,000763049;A3;C7;DR16
1106;3;7;15;0,012470283;A3;C7;DR15
1105;3;7;14;0,000545445;A3;C7;DR14
1104;3;7;13;0,004423175;A3;C7;DR13
1103;3;7;12;0,00013611;A3;C7;DR12
1102;3;7;11;0,002418378;A3;C7;DR11
1101;3;7;10;8,54E-05;A3;C7;DR10
1100;3;7;1;0,001026202;A3;C7;DR1
1099;3;6;8;8,11E-05;A3;C6;DR8
1098;3;6;7;0,002685186;A3;C6;DR7
1097;3;6;4;0,000574452;A3;C6;DR4
1096;3;6;3;0,000200733;A3;C6;DR3
1095;3;6;16;0,000190441;A3;C6;DR16
1094;3;6;15;7,64E-05;A3;C6;DR15
1093;3;6;14;0,000452327;A3;C6;DR14
1092;3;6;13;0,00124073;A3;C6;DR13
1091;3;6;12;4,70E-05;A3;C6;DR12
1090;3;6;11;0,000801929;A3;C6;DR11
1089;3;6;10;0,000272834;A3;C6;DR10
1088;3;6;1;0,000183529;A3;C6;DR1
1087;3;5;8;0,00032755;A3;C5;DR8
1086;3;5;7;0,000220041;A3;C5;DR7
1085;3;5;4;0,000620139;A3;C5;DR4
1084;3;5;3;0,000265058;A3;C5;DR3
1083;3;5;15;0,000137279;A3;C5;DR15
1082;3;5;14;7,12E-05;A3;C5;DR14
1081;3;5;13;0,000560122;A3;C5;DR13
1080;3;5;12;0,000211479;A3;C5;DR12
1079;3;5;11;0,000127544;A3;C5;DR11
1078;3;5;1;1,67E-05;A3;C5;DR1
1077;3;4;9;2,49E-05;A3;C4;DR9
1076;3;4;8;0,000621309;A3;C4;DR8
1075;3;4;7;0,00228822;A3;C4;DR7
1074;3;4;4;0,001415908;A3;C4;DR4
1073;3;4;3;0,000744353;A3;C4;DR3
1072;3;4;16;0,000478418;A3;C4;DR16
1071;3;4;15;0,001515808;A3;C4;DR15
1070;3;4;14;0,000321261;A3;C4;DR14
1069;3;4;13;0,002973014;A3;C4;DR13
1068;3;4;12;0,000184286;A3;C4;DR12
1067;3;4;11;0,003252854;A3;C4;DR11
1066;3;4;10;0,000491189;A3;C4;DR10
1065;3;4;1;0,009967516;A3;C4;DR1
1064;3;3;9;8,33E-05;A3;C3;DR9
1063;3;3;8;0,000521342;A3;C3;DR8
1062;3;3;7;0,000106689;A3;C3;DR7
1061;3;3;4;0,001923496;A3;C3;DR4
1060;3;3;3;0,000282558;A3;C3;DR3
1059;3;3;16;0,000151651;A3;C3;DR16
1058;3;3;15;0,000708879;A3;C3;DR15
1057;3;3;14;0,000127959;A3;C3;DR14
1056;3;3;13;0,001066051;A3;C3;DR13
1055;3;3;11;0,000486694;A3;C3;DR11
1054;3;3;1;0,000587626;A3;C3;DR1
1053;3;2;7;0,000297016;A3;C2;DR7
1052;3;2;4;0,001137039;A3;C2;DR4
1051;3;2;3;0,000229312;A3;C2;DR3
1050;3;2;16;0,000172547;A3;C2;DR16
1049;3;2;15;0,000437527;A3;C2;DR15
1048;3;2;14;3,78E-05;A3;C2;DR14
1047;3;2;13;0,003207483;A3;C2;DR13
1046;3;2;12;4,96E-05;A3;C2;DR12
1045;3;2;11;0,000958734;A3;C2;DR11
1044;3;2;10;0,000146074;A3;C2;DR10
1043;3;2;1;0,000352194;A3;C2;DR1
1042;3;18;9;1,32E-05;A3;C18;DR9
1041;3;18;1;0,000262681;A3;C18;DR1
1040;3;17;7;5,04E-09;A3;C17;DR7
1039;3;17;4;0,00012569;A3;C17;DR4
1038;3;17;16;0,000156483;A3;C17;DR16
1037;3;17;13;0,000741055;A3;C17;DR13
1036;3;17;12;3,13E-05;A3;C17;DR12
1035;3;16;9;1,33E-05;A3;C16;DR9
1034;3;16;7;0,000795159;A3;C16;DR7
1033;3;16;4;0,000444312;A3;C16;DR4
1032;3;16;3;9,44E-05;A3;C16;DR3
1031;3;16;16;2,56E-05;A3;C16;DR16
1030;3;16;15;9,95E-05;A3;C16;DR15
1029;3;16;11;0,000175559;A3;C16;DR11
1028;3;16;10;0,000254982;A3;C16;DR10
1027;3;15;8;0,000118846;A3;C15;DR8
1026;3;15;7;0,001320077;A3;C15;DR7
1025;3;15;4;0,001638022;A3;C15;DR4
1024;3;15;3;0,000238901;A3;C15;DR3
1023;3;15;16;2,54E-05;A3;C15;DR16
1022;3;15;15;0,000793545;A3;C15;DR15
1021;3;15;13;0,000588434;A3;C15;DR13
1020;3;15;12;0,000157761;A3;C15;DR12
1019;3;15;11;0,001402044;A3;C15;DR11
1018;3;15;10;2,98E-05;A3;C15;DR10
1017;3;15;1;0,001410526;A3;C15;DR1
1016;3;14;9;2,09E-05;A3;C14;DR9
1015;3;14;8;4,94E-05;A3;C14;DR8
1014;3;14;7;1,29E-05;A3;C14;DR7
1013;3;14;4;0,0001896;A3;C14;DR4
1012;3;14;3;5,56E-05;A3;C14;DR3
1011;3;14;13;0,000182203;A3;C14;DR13
1010;3;14;12;3,53E-05;A3;C14;DR12
1009;3;14;11;0,001129649;A3;C14;DR11
1008;3;14;10;1,46E-05;A3;C14;DR10
1007;3;14;1;2,40E-05;A3;C14;DR1
1006;3;12;8;0,000883556;A3;C12;DR8
1005;3;12;7;0,001297023;A3;C12;DR7
1004;3;12;4;0,000110527;A3;C12;DR4
1003;3;12;3;8,54E-05;A3;C12;DR3
1002;3;12;16;0,000482413;A3;C12;DR16
1001;3;12;15;0,0002727;A3;C12;DR15
1000;3;12;14;0,000372132;A3;C12;DR14
999;3;12;13;0,000952966;A3;C12;DR13
998;3;12;12;7,48E-05;A3;C12;DR12
997;3;12;11;0,0007968;A3;C12;DR11
996;3;12;1;0,000254563;A3;C12;DR1
995;3;1;8;0,000126269;A3;C1;DR8
994;3;1;7;6,14E-05;A3;C1;DR7
993;3;1;4;0,000249697;A3;C1;DR4
992;3;1;15;0,000127703;A3;C1;DR15
991;3;1;13;4,79E-05;A3;C1;DR13
990;3;1;11;6,45E-05;A3;C1;DR11
989;3;1;10;0,000382707;A3;C1;DR10
988;3;1;1;0,00083378;A3;C1;DR1
987;29;8;7;3,87E-05;A29;C8;DR7
986;29;8;4;7,33E-06;A29;C8;DR4
985;29;8;3;8,07E-05;A29;C8;DR3
984;29;8;14;8,59E-06;A29;C8;DR14
983;29;8;13;0,000404846;A29;C8;DR13
982;29;8;12;5,90E-05;A29;C8;DR12
981;29;8;1;0,00090638;A29;C8;DR1
980;29;7;8;0,000275561;A29;C7;DR8
979;29;7;7;0,001642044;A29;C7;DR7
978;29;7;4;0,000248002;A29;C7;DR4
977;29;7;3;0,000485066;A29;C7;DR3
976;29;7;16;8,27E-05;A29;C7;DR16
975;29;7;15;0,000700823;A29;C7;DR15
974;29;7;14;3,73E-05;A29;C7;DR14
973;29;7;13;0,000530242;A29;C7;DR13
972;29;7;12;1,02E-07;A29;C7;DR12
971;29;7;11;0,00039404;A29;C7;DR11
970;29;7;1;0,000539154;A29;C7;DR1
969;29;6;9;0,000736673;A29;C6;DR9
968;29;6;8;0,000130942;A29;C6;DR8
967;29;6;7;0,000980152;A29;C6;DR7
966;29;6;4;0,000409885;A29;C6;DR4
965;29;6;3;2,58E-05;A29;C6;DR3
964;29;6;16;3,72E-05;A29;C6;DR16
963;29;6;15;0,000559768;A29;C6;DR15
962;29;6;14;3,46E-14;A29;C6;DR14
961;29;6;13;0,000215777;A29;C6;DR13
960;29;6;11;0,000392174;A29;C6;DR11
959;29;6;10;0,000257474;A29;C6;DR10
958;29;6;1;2,17E-05;A29;C6;DR1
957;29;5;9;1,25E-05;A29;C5;DR9
956;29;5;4;0,000236987;A29;C5;DR4
955;29;5;3;0,000315075;A29;C5;DR3
954;29;5;16;2,02E-05;A29;C5;DR16
953;29;5;15;7,36E-05;A29;C5;DR15
952;29;5;14;0,000105795;A29;C5;DR14
951;29;5;13;0,000122386;A29;C5;DR13
950;29;5;12;0,000193008;A29;C5;DR12
949;29;4;9;2,59E-06;A29;C4;DR9
948;29;4;8;0,000460332;A29;C4;DR8
947;29;4;7;0,000255021;A29;C4;DR7
946;29;4;4;0,000111122;A29;C4;DR4
945;29;4;3;0,000340252;A29;C4;DR3
944;29;4;16;4,71E-05;A29;C4;DR16
943;29;4;15;4,62E-05;A29;C4;DR15
942;29;4;13;0,000811226;A29;C4;DR13
941;29;4;12;8,37E-06;A29;C4;DR12
940;29;4;11;0,000364822;A29;C4;DR11
939;29;4;10;7,30E-05;A29;C4;DR10
938;29;4;1;0,000639084;A29;C4;DR1
937;29;3;8;2,84E-05;A29;C3;DR8
936;29;3;7;5,71E-05;A29;C3;DR7
935;29;3;4;0,000689387;A29;C3;DR4
934;29;3;3;0,000123461;A29;C3;DR3
933;29;3;15;0,000248282;A29;C3;DR15
932;29;3;14;8,27E-05;A29;C3;DR14
931;29;3;13;0,0006535;A29;C3;DR13
930;29;3;11;0,000118873;A29;C3;DR11
929;29;3;1;5,48E-06;A29;C3;DR1
928;29;2;9;2,22E-05;A29;C2;DR9
927;29;2;8;3,05E-05;A29;C2;DR8
926;29;2;7;1,70E-05;A29;C2;DR7
925;29;2;4;4,82E-06;A29;C2;DR4
924;29;2;16;0,000113692;A29;C2;DR16
923;29;2;15;0,000333204;A29;C2;DR15
922;29;2;14;2,31E-05;A29;C2;DR14
921;29;2;13;0,001066608;A29;C2;DR13
920;29;2;12;1,85E-05;A29;C2;DR12
919;29;2;11;0,000285161;A29;C2;DR11
918;29;2;1;0,000178082;A29;C2;DR1
917;29;18;15;4,78E-06;A29;C18;DR15
916;29;18;13;1,38E-05;A29;C18;DR13
915;29;18;10;1,25E-05;A29;C18;DR10
914;29;17;9;1,08E-05;A29;C17;DR9
913;29;17;3;2,20E-05;A29;C17;DR3
912;29;17;13;1,53E-05;A29;C17;DR13
911;29;17;1;3,92E-06;A29;C17;DR1
910;29;16;8;0,00048264;A29;C16;DR8
909;29;16;7;0,020868748;A29;C16;DR7
908;29;16;4;0,001649356;A29;C16;DR4
907;29;16;3;0,000698415;A29;C16;DR3
906;29;16;16;0,000466368;A29;C16;DR16
905;29;16;15;0,001365896;A29;C16;DR15
904;29;16;14;0,000727665;A29;C16;DR14
903;29;16;13;0,001814544;A29;C16;DR13
902;29;16;12;0,000629985;A29;C16;DR12
901;29;16;11;0,001002184;A29;C16;DR11
900;29;16;10;0,000357229;A29;C16;DR10
899;29;16;1;0,000770313;A29;C16;DR1
898;29;15;9;0,000198049;A29;C15;DR9
897;29;15;8;0,000115026;A29;C15;DR8
896;29;15;7;0,000141301;A29;C15;DR7
895;29;15;4;0,000479799;A29;C15;DR4
894;29;15;3;6,24E-05;A29;C15;DR3
893;29;15;16;0,000409347;A29;C15;DR16
892;29;15;14;0,00010129;A29;C15;DR14
891;29;15;13;0,000202064;A29;C15;DR13
890;29;15;11;0,000193427;A29;C15;DR11
889;29;15;10;6,13E-05;A29;C15;DR10
888;29;15;1;1,74E-07;A29;C15;DR1
887;29;14;9;2,04E-05;A29;C14;DR9
886;29;14;8;6,61E-05;A29;C14;DR8
885;29;14;7;0,000223121;A29;C14;DR7
884;29;14;4;3,84E-05;A29;C14;DR4
883;29;14;15;2,03E-05;A29;C14;DR15
882;29;14;13;0,000240477;A29;C14;DR13
881;29;14;11;1,20E-05;A29;C14;DR11
880;29;14;10;7,74E-05;A29;C14;DR10
879;29;14;1;0,000110894;A29;C14;DR1
878;29;12;7;0,000207334;A29;C12;DR7
877;29;12;4;0,000217279;A29;C12;DR4
876;29;12;3;4,55E-05;A29;C12;DR3
875;29;12;15;0,000139056;A29;C12;DR15
874;29;12;14;2,52E-05;A29;C12;DR14
873;29;12;13;0,000311424;A29;C12;DR13
872;29;12;11;3,45E-05;A29;C12;DR11
871;29;1;8;2,42E-06;A29;C1;DR8
870;29;1;7;1,82E-05;A29;C1;DR7
869;29;1;4;1,15E-05;A29;C1;DR4
868;29;1;16;3,35E-05;A29;C1;DR16
867;29;1;14;3,82E-05;A29;C1;DR14
866;29;1;13;0,000103858;A29;C1;DR13
865;29;1;11;9,53E-06;A29;C1;DR11
864;29;1;1;0,000102154;A29;C1;DR1
863;26;8;9;6,43E-06;A26;C8;DR9
862;26;8;8;0,000110673;A26;C8;DR8
861;26;8;7;0,000979685;A26;C8;DR7
860;26;8;4;0,000147415;A26;C8;DR4
859;26;8;3;0,000358649;A26;C8;DR3
858;26;8;16;1,27E-05;A26;C8;DR16
857;26;8;15;1,89E-05;A26;C8;DR15
856;26;8;13;4,31E-05;A26;C8;DR13
855;26;8;1;0,000104461;A26;C8;DR1
854;26;7;8;2,27E-05;A26;C7;DR8
853;26;7;7;0,000654164;A26;C7;DR7
852;26;7;4;0,001022586;A26;C7;DR4
851;26;7;3;0,000524023;A26;C7;DR3
850;26;7;16;3,08E-05;A26;C7;DR16
849;26;7;15;0,00086357;A26;C7;DR15
848;26;7;14;0,000115375;A26;C7;DR14
847;26;7;13;0,000786101;A26;C7;DR13
846;26;7;11;0,000759688;A26;C7;DR11
845;26;7;10;5,52E-05;A26;C7;DR10
844;26;7;1;0,000129931;A26;C7;DR1
843;26;6;7;0,000830651;A26;C6;DR7
842;26;6;4;0,00019533;A26;C6;DR4
841;26;6;3;5,55E-05;A26;C6;DR3
840;26;6;16;4,95E-05;A26;C6;DR16
839;26;6;15;9,87E-05;A26;C6;DR15
838;26;6;13;3,02E-06;A26;C6;DR13
837;26;6;11;6,03E-05;A26;C6;DR11
836;26;6;10;0,000196047;A26;C6;DR10
835;26;6;1;1,78E-05;A26;C6;DR1
834;26;5;8;9,17E-05;A26;C5;DR8
833;26;5;4;0,000251423;A26;C5;DR4
832;26;5;3;0,00023632;A26;C5;DR3
831;26;5;15;1,89E-05;A26;C5;DR15
830;26;5;13;0,000163547;A26;C5;DR13
829;26;5;12;6,06E-05;A26;C5;DR12
828;26;5;11;0,000192272;A26;C5;DR11
827;26;5;10;5,27E-05;A26;C5;DR10
826;26;4;9;4,07E-05;A26;C4;DR9
825;26;4;8;2,36E-05;A26;C4;DR8
824;26;4;7;0,001422284;A26;C4;DR7
823;26;4;4;0,000123312;A26;C4;DR4
822;26;4;3;6,40E-05;A26;C4;DR3
821;26;4;16;2,34E-05;A26;C4;DR16
820;26;4;15;0,000337375;A26;C4;DR15
819;26;4;14;0,000143343;A26;C4;DR14
818;26;4;13;0,000185598;A26;C4;DR13
817;26;4;12;6,69E-06;A26;C4;DR12
816;26;4;11;0,000349947;A26;C4;DR11
815;26;4;1;8,48E-05;A26;C4;DR1
814;26;3;9;1,90E-05;A26;C3;DR9
813;26;3;8;9,84E-05;A26;C3;DR8
812;26;3;7;3,81E-05;A26;C3;DR7
811;26;3;4;0,000285692;A26;C3;DR4
810;26;3;3;0,000229695;A26;C3;DR3
809;26;3;16;0,000837314;A26;C3;DR16
808;26;3;15;0,000762402;A26;C3;DR15
807;26;3;14;0,000160602;A26;C3;DR14
806;26;3;13;0,000486514;A26;C3;DR13
805;26;3;12;2,56E-05;A26;C3;DR12
804;26;3;11;0,000410923;A26;C3;DR11
803;26;3;1;0,000202089;A26;C3;DR1
802;26;2;8;1,81E-05;A26;C2;DR8
801;26;2;3;6,25E-05;A26;C2;DR3
800;26;2;15;4,10E-05;A26;C2;DR15
799;26;2;13;0,00014537;A26;C2;DR13
798;26;2;12;1,85E-05;A26;C2;DR12
797;26;2;11;0,000598128;A26;C2;DR11
796;26;2;10;1,32E-05;A26;C2;DR10
795;26;2;1;0,000459172;A26;C2;DR1
794;26;17;9;9,75E-06;A26;C17;DR9
793;26;17;3;2,83E-05;A26;C17;DR3
792;26;17;13;6,72E-05;A26;C17;DR13
791;26;17;12;1,31E-05;A26;C17;DR12
790;26;16;8;4,66E-05;A26;C16;DR8
789;26;16;7;0,000363179;A26;C16;DR7
788;26;16;4;0,000138281;A26;C16;DR4
787;26;16;3;2,89E-05;A26;C16;DR3
786;26;16;15;0,00022405;A26;C16;DR15
785;26;16;14;1,04E-05;A26;C16;DR14
784;26;16;13;2,27E-05;A26;C16;DR13
783;26;16;12;8,34E-06;A26;C16;DR12
782;26;16;11;9,59E-05;A26;C16;DR11
781;26;15;9;1,32E-06;A26;C15;DR9
780;26;15;7;0,000274371;A26;C15;DR7
779;26;15;4;0,000146185;A26;C15;DR4
778;26;15;16;3,66E-05;A26;C15;DR16
777;26;15;13;0,000216634;A26;C15;DR13
776;26;15;11;0,00030934;A26;C15;DR11
775;26;15;10;1,45E-05;A26;C15;DR10
774;26;15;1;4,13E-05;A26;C15;DR1
773;26;14;8;2,28E-05;A26;C14;DR8
772;26;14;7;5,02E-05;A26;C14;DR7
771;26;14;4;0,000275662;A26;C14;DR4
770;26;14;15;5,89E-05;A26;C14;DR15
769;26;14;14;2,69E-05;A26;C14;DR14
768;26;14;13;0,00010448;A26;C14;DR13
767;26;14;12;9,38E-06;A26;C14;DR12
766;26;14;1;0,000826548;A26;C14;DR1
765;26;12;9;9,41E-06;A26;C12;DR9
764;26;12;8;8,21E-05;A26;C12;DR8
763;26;12;7;0,000668252;A26;C12;DR7
762;26;12;4;0,002281922;A26;C12;DR4
761;26;12;3;0,000366217;A26;C12;DR3
760;26;12;16;0,000135979;A26;C12;DR16
759;26;12;15;0,000929334;A26;C12;DR15
758;26;12;14;0,000397962;A26;C12;DR14
757;26;12;13;0,003629471;A26;C12;DR13
756;26;12;11;0,001967917;A26;C12;DR11
755;26;12;10;0,000157413;A26;C12;DR10
754;26;12;1;0,000385797;A26;C12;DR1
753;26;1;8;0,000261309;A26;C1;DR8
752;26;1;4;5,14E-05;A26;C1;DR4
751;26;1;3;3,23E-05;A26;C1;DR3
750;26;1;16;6,05E-05;A26;C1;DR16
749;26;1;15;0,00014865;A26;C1;DR15
748;26;1;14;0,000197637;A26;C1;DR14
747;26;1;13;0,000177944;A26;C1;DR13
746;26;1;11;6,27E-05;A26;C1;DR11
745;26;1;10;4,07E-05;A26;C1;DR10
744;26;1;1;0,000359615;A26;C1;DR1
743;25;8;13;9,31E-05;A25;C8;DR13
742;25;7;9;2,35E-06;A25;C7;DR9
741;25;7;8;7,97E-05;A25;C7;DR8
740;25;7;7;0,000109066;A25;C7;DR7
739;25;7;3;0,000157242;A25;C7;DR3
738;25;7;15;0,000314524;A25;C7;DR15
737;25;7;13;0,000142347;A25;C7;DR13
736;25;7;11;4,41E-05;A25;C7;DR11
735;25;7;10;5,54E-06;A25;C7;DR10
734;25;7;1;0,000241476;A25;C7;DR1
733;25;6;7;0,000331461;A25;C6;DR7
732;25;6;4;2,08E-05;A25;C6;DR4
731;25;6;3;0,000120663;A25;C6;DR3
730;25;6;15;3,05E-05;A25;C6;DR15
729;25;6;11;2,29E-05;A25;C6;DR11
728;25;6;10;0,00010639;A25;C6;DR10
727;25;5;4;1,04E-05;A25;C5;DR4
726;25;5;3;3,78E-05;A25;C5;DR3
725;25;5;14;0,000355625;A25;C5;DR14
724;25;5;13;2,49E-05;A25;C5;DR13
723;25;5;12;3,26E-05;A25;C5;DR12
722;25;5;11;0,000297811;A25;C5;DR11
721;25;5;1;8,82E-08;A25;C5;DR1
720;25;4;7;0,000507255;A25;C4;DR7
719;25;4;3;4,49E-05;A25;C4;DR3
718;25;4;1;0,000118667;A25;C4;DR1
717;25;3;9;0,000115319;A25;C3;DR9
716;25;3;8;0,000156933;A25;C3;DR8
715;25;3;7;0,001615029;A25;C3;DR7
714;25;3;4;3,10E-05;A25;C3;DR4
713;25;3;15;5,39E-05;A25;C3;DR15
712;25;3;14;0,000209464;A25;C3;DR14
711;25;3;13;0,001119815;A25;C3;DR13
710;25;3;11;9,46E-05;A25;C3;DR11
709;25;3;1;0,000273108;A25;C3;DR1
708;25;2;7;1,76E-05;A25;C2;DR7
707;25;2;4;2,62E-05;A25;C2;DR4
706;25;2;15;1,41E-05;A25;C2;DR15
705;25;2;13;6,62E-05;A25;C2;DR13
704;25;2;11;0,000212991;A25;C2;DR11
703;25;17;13;4,31E-05;A25;C17;DR13
702;25;17;1;2,63E-05;A25;C17;DR1
701;25;16;8;1,14E-05;A25;C16;DR8
700;25;16;7;0,000294796;A25;C16;DR7
699;25;16;15;4,90E-05;A25;C16;DR15
698;25;16;10;1,30E-05;A25;C16;DR10
697;25;15;9;2,68E-05;A25;C15;DR9
696;25;15;7;3,41E-06;A25;C15;DR7
695;25;15;4;3,74E-05;A25;C15;DR4
694;25;15;15;0,000723833;A25;C15;DR15
693;25;15;13;2,39E-05;A25;C15;DR13
692;25;15;11;8,07E-05;A25;C15;DR11
691;25;15;1;0;A25;C15;DR1
690;25;14;8;2,57E-06;A25;C14;DR8
689;25;14;4;9,77E-05;A25;C14;DR4
688;25;14;13;0,000285444;A25;C14;DR13
687;25;14;10;7,53E-06;A25;C14;DR10
686;25;12;8;3,29E-05;A25;C12;DR8
685;25;12;7;0,000329727;A25;C12;DR7
684;25;12;4;0,001158378;A25;C12;DR4
683;25;12;3;0,000103747;A25;C12;DR3
682;25;12;16;0,000494903;A25;C12;DR16
681;25;12;15;0,003621016;A25;C12;DR15
680;25;12;14;9,86E-05;A25;C12;DR14
679;25;12;13;0,000206086;A25;C12;DR13
678;25;12;11;0,000258046;A25;C12;DR11
677;25;12;1;0,000738658;A25;C12;DR1
676;25;1;10;2,82E-05;A25;C1;DR10
675;24;8;7;0,001807534;A24;C8;DR7
674;24;8;4;0,000125217;A24;C8;DR4
673;24;8;3;6,49E-05;A24;C8;DR3
672;24;8;16;3,63E-05;A24;C8;DR16
671;24;8;15;1,24E-05;A24;C8;DR15
670;24;8;14;7,12E-05;A24;C8;DR14
669;24;8;13;0,000194008;A24;C8;DR13
668;24;8;12;4,81E-06;A24;C8;DR12
667;24;8;11;0,000221803;A24;C8;DR11
666;24;8;1;0,001582249;A24;C8;DR1
665;24;7;9;0,00021689;A24;C7;DR9
664;24;7;8;0,001747998;A24;C7;DR8
663;24;7;7;0,002183736;A24;C7;DR7
662;24;7;4;0,001628072;A24;C7;DR4
661;24;7;3;0,004704976;A24;C7;DR3
660;24;7;16;0,000896534;A24;C7;DR16
659;24;7;15;0,004925871;A24;C7;DR15
658;24;7;14;0,001084473;A24;C7;DR14
657;24;7;13;0,00438864;A24;C7;DR13
656;24;7;12;0,000150762;A24;C7;DR12
655;24;7;11;0,000840023;A24;C7;DR11
654;24;7;10;0,000229219;A24;C7;DR10
653;24;7;1;0,000953123;A24;C7;DR1
652;24;6;8;9,49E-05;A24;C6;DR8
651;24;6;7;0,003691586;A24;C6;DR7
650;24;6;4;0,001700458;A24;C6;DR4
649;24;6;3;0,000242109;A24;C6;DR3
648;24;6;15;3,04E-05;A24;C6;DR15
647;24;6;14;3,87E-05;A24;C6;DR14
646;24;6;13;0,000500595;A24;C6;DR13
645;24;6;12;0,000190286;A24;C6;DR12
644;24;6;11;0,000516673;A24;C6;DR11
643;24;6;10;0,000166621;A24;C6;DR10
642;24;5;8;0,000221304;A24;C5;DR8
641;24;5;7;0,00065172;A24;C5;DR7
640;24;5;4;0,000643201;A24;C5;DR4
639;24;5;3;0,001012568;A24;C5;DR3
638;24;5;16;9,90E-05;A24;C5;DR16
637;24;5;15;0,000202114;A24;C5;DR15
636;24;5;14;6,77E-05;A24;C5;DR14
635;24;5;13;0,002169011;A24;C5;DR13
634;24;5;12;0,000244263;A24;C5;DR12
633;24;5;11;0,000718628;A24;C5;DR11
632;24;5;1;0,000294816;A24;C5;DR1
631;24;4;7;0,002125851;A24;C4;DR7
630;24;4;4;0,001830239;A24;C4;DR4
629;24;4;3;0,000798844;A24;C4;DR3
628;24;4;16;0,000435265;A24;C4;DR16
627;24;4;15;0,001650002;A24;C4;DR15
626;24;4;14;0,000814184;A24;C4;DR14
625;24;4;13;0,001747895;A24;C4;DR13
624;24;4;12;0,000115234;A24;C4;DR12
623;24;4;11;0,005011965;A24;C4;DR11
622;24;4;10;0,000234725;A24;C4;DR10
621;24;4;1;0,001830583;A24;C4;DR1
620;24;3;9;4,44E-05;A24;C3;DR9
619;24;3;8;0,001081374;A24;C3;DR8
618;24;3;7;0,000665855;A24;C3;DR7
617;24;3;4;0,001519896;A24;C3;DR4
616;24;3;3;0,00029212;A24;C3;DR3
615;24;3;16;8,98E-05;A24;C3;DR16
614;24;3;15;0,000619282;A24;C3;DR15
613;24;3;14;0,000236005;A24;C3;DR14
612;24;3;13;0,003633365;A24;C3;DR13
611;24;3;12;2,84E-05;A24;C3;DR12
610;24;3;11;0,003005912;A24;C3;DR11
609;24;3;10;3,23E-05;A24;C3;DR10
608;24;3;1;0,000496485;A24;C3;DR1
607;24;2;8;0,000141212;A24;C2;DR8
606;24;2;7;0,000412524;A24;C2;DR7
605;24;2;4;0,002341157;A24;C2;DR4
604;24;2;3;0,000344528;A24;C2;DR3
603;24;2;16;0,000106933;A24;C2;DR16
602;24;2;15;0,00022526;A24;C2;DR15
601;24;2;14;9,92E-05;A24;C2;DR14
600;24;2;13;0,001561849;A24;C2;DR13
599;24;2;12;9,26E-05;A24;C2;DR12
598;24;2;11;0,001064064;A24;C2;DR11
597;24;2;1;0,004578533;A24;C2;DR1
596;24;18;15;8,05E-05;A24;C18;DR15
595;24;17;9;1,34E-05;A24;C17;DR9
594;24;17;8;1,46E-08;A24;C17;DR8
593;24;17;7;3,13E-11;A24;C17;DR7
592;24;17;4;3,75E-05;A24;C17;DR4
591;24;17;3;9,70E-05;A24;C17;DR3
590;24;17;13;0,000236972;A24;C17;DR13
589;24;17;11;2,02E-05;A24;C17;DR11
588;24;16;8;8,34E-07;A24;C16;DR8
587;24;16;7;0,001685413;A24;C16;DR7
586;24;16;4;0,000679956;A24;C16;DR4
585;24;16;3;0,00054422;A24;C16;DR3
584;24;16;16;1,08E-06;A24;C16;DR16
583;24;16;15;0,00022656;A24;C16;DR15
582;24;16;14;8,48E-12;A24;C16;DR14
581;24;16;13;0,000444069;A24;C16;DR13
580;24;16;12;2,64E-05;A24;C16;DR12
579;24;16;11;0,000468462;A24;C16;DR11
578;24;16;10;0,001505225;A24;C16;DR10
577;24;16;1;0,000157703;A24;C16;DR1
576;24;15;9;9,17E-05;A24;C15;DR9
575;24;15;8;0,000255063;A24;C15;DR8
574;24;15;7;5,89E-05;A24;C15;DR7
573;24;15;4;0,000566376;A24;C15;DR4
572;24;15;3;0,000209294;A24;C15;DR3
571;24;15;15;0,000815579;A24;C15;DR15
570;24;15;14;0,0002166;A24;C15;DR14
569;24;15;13;0,000420582;A24;C15;DR13
568;24;15;12;0,000178723;A24;C15;DR12
567;24;15;11;0,000255477;A24;C15;DR11
566;24;15;1;9,26E-05;A24;C15;DR1
565;24;14;7;1,92E-05;A24;C14;DR7
564;24;14;4;0,000280023;A24;C14;DR4
563;24;14;3;9,20E-05;A24;C14;DR3
562;24;14;16;0,000127359;A24;C14;DR16
561;24;14;15;3,23E-05;A24;C14;DR15
560;24;14;14;7,84E-05;A24;C14;DR14
559;24;14;13;0,000179352;A24;C14;DR13
558;24;14;11;0,000478171;A24;C14;DR11
557;24;14;1;6,27E-05;A24;C14;DR1
556;24;12;9;3,30E-05;A24;C12;DR9
555;24;12;8;0,000203956;A24;C12;DR8
554;24;12;7;0,000769878;A24;C12;DR7
553;24;12;4;0,000452289;A24;C12;DR4
552;24;12;3;0,000366512;A24;C12;DR3
551;24;12;16;0,000604639;A24;C12;DR16
550;24;12;15;0,001135922;A24;C12;DR15
549;24;12;14;0,001172722;A24;C12;DR14
548;24;12;13;0,002431532;A24;C12;DR13
547;24;12;12;0,000249122;A24;C12;DR12
546;24;12;11;0,00182181;A24;C12;DR11
545;24;12;10;1,51E-05;A24;C12;DR10
544;24;12;1;7,34E-05;A24;C12;DR1
543;24;1;8;9,81E-05;A24;C1;DR8
542;24;1;4;0,000222181;A24;C1;DR4
541;24;1;3;0,000269957;A24;C1;DR3
540;24;1;16;4,92E-05;A24;C1;DR16
539;24;1;15;3,97E-05;A24;C1;DR15
538;24;1;14;1,07E-05;A24;C1;DR14
537;24;1;13;0,000296943;A24;C1;DR13
536;24;1;11;0,000233457;A24;C1;DR11
535;24;1;1;0,000673607;A24;C1;DR1
534;23;8;9;5,04E-05;A23;C8;DR9
533;23;8;7;0,000129152;A23;C8;DR7
532;23;8;4;5,83E-05;A23;C8;DR4
531;23;8;3;5,39E-05;A23;C8;DR3
530;23;8;15;0,000487579;A23;C8;DR15
529;23;8;14;7,71E-05;A23;C8;DR14
528;23;8;13;8,30E-05;A23;C8;DR13
527;23;8;11;1,55E-10;A23;C8;DR11
526;23;8;1;0,000998722;A23;C8;DR1
525;23;7;9;2,67E-05;A23;C7;DR9
524;23;7;8;0,001056617;A23;C7;DR8
523;23;7;7;0,00049604;A23;C7;DR7
522;23;7;4;0,000785961;A23;C7;DR4
521;23;7;3;0,001305371;A23;C7;DR3
520;23;7;16;3,31E-05;A23;C7;DR16
519;23;7;15;0,002019955;A23;C7;DR15
518;23;7;13;0,002972997;A23;C7;DR13
517;23;7;12;2,61E-05;A23;C7;DR12
516;23;7;11;0,001592472;A23;C7;DR11
515;23;7;10;0,000600229;A23;C7;DR10
514;23;7;1;0,000312044;A23;C7;DR1
513;23;6;9;2,35E-05;A23;C6;DR9
512;23;6;8;0,000100209;A23;C6;DR8
511;23;6;7;0,00161304;A23;C6;DR7
510;23;6;4;0,000953398;A23;C6;DR4
509;23;6;3;0,00090431;A23;C6;DR3
508;23;6;14;1,04E-05;A23;C6;DR14
507;23;6;13;0,000206158;A23;C6;DR13
506;23;6;11;0,000257291;A23;C6;DR11
505;23;6;10;4,06E-05;A23;C6;DR10
504;23;6;1;0,000292606;A23;C6;DR1
503;23;5;8;2,25E-05;A23;C5;DR8
502;23;5;7;0,000176585;A23;C5;DR7
501;23;5;4;0,000162853;A23;C5;DR4
500;23;5;3;0,000136642;A23;C5;DR3
499;23;5;14;4,61E-05;A23;C5;DR14
498;23;5;13;0,000399418;A23;C5;DR13
497;23;5;12;3,39E-07;A23;C5;DR12
496;23;5;11;2,66E-12;A23;C5;DR11
495;23;5;10;2,67E-06;A23;C5;DR10
494;23;4;8;0,000197513;A23;C4;DR8
493;23;4;7;0,010198089;A23;C4;DR7
492;23;4;4;0,001160776;A23;C4;DR4
491;23;4;3;0,000529246;A23;C4;DR3
490;23;4;16;0,000192485;A23;C4;DR16
489;23;4;15;0,000776128;A23;C4;DR15
488;23;4;14;0,001529668;A23;C4;DR14
487;23;4;13;0,001412064;A23;C4;DR13
486;23;4;12;5,15E-05;A23;C4;DR12
485;23;4;11;0,001107069;A23;C4;DR11
484;23;4;10;0,000196516;A23;C4;DR10
483;23;4;1;0,000949805;A23;C4;DR1
482;23;3;8;3,44E-05;A23;C3;DR8
481;23;3;7;5,75E-05;A23;C3;DR7
480;23;3;4;7,35E-05;A23;C3;DR4
479;23;3;16;8,25E-06;A23;C3;DR16
478;23;3;15;0,000186079;A23;C3;DR15
477;23;3;13;0,000250665;A23;C3;DR13
476;23;3;10;1,95E-12;A23;C3;DR10
475;23;3;1;6,12E-05;A23;C3;DR1
474;23;2;7;0,001043387;A23;C2;DR7
473;23;2;4;0,000102617;A23;C2;DR4
472;23;2;3;0,000135884;A23;C2;DR3
471;23;2;15;8,36E-05;A23;C2;DR15
470;23;2;13;0,00076555;A23;C2;DR13
469;23;2;11;7,01E-05;A23;C2;DR11
468;23;2;1;0,001035268;A23;C2;DR1
467;23;17;7;0,000266685;A23;C17;DR7
466;23;17;3;2,24E-05;A23;C17;DR3
465;23;17;15;3,72E-05;A23;C17;DR15
464;23;17;11;6,20E-05;A23;C17;DR11
463;23;17;1;3,66E-05;A23;C17;DR1
462;23;16;7;0,001576578;A23;C16;DR7
461;23;16;4;6,34E-05;A23;C16;DR4
460;23;16;15;4,94E-05;A23;C16;DR15
459;23;16;14;4,60E-07;A23;C16;DR14
458;23;16;13;6,40E-05;A23;C16;DR13
457;23;16;11;0,000127487;A23;C16;DR11
456;23;16;1;9,26E-05;A23;C16;DR1
455;23;15;8;9,34E-06;A23;C15;DR8
454;23;15;7;0,000408275;A23;C15;DR7
453;23;15;4;2,20E-05;A23;C15;DR4
452;23;15;15;0,000150082;A23;C15;DR15
451;23;15;13;4,63E-05;A23;C15;DR13
450;23;15;11;0,00026561;A23;C15;DR11
449;23;14;7;9,71E-05;A23;C14;DR7
448;23;14;16;2,41E-05;A23;C14;DR16
447;23;14;1;0,000103616;A23;C14;DR1
446;23;12;16;0,000207027;A23;C12;DR16
445;23;12;15;0,000134282;A23;C12;DR15
444;23;12;11;7,48E-05;A23;C12;DR11
443;23;12;1;0,000212626;A23;C12;DR1
442;23;1;7;8,12E-05;A23;C1;DR7
441;23;1;3;1,89E-05;A23;C1;DR3
440;23;1;16;2,48E-05;A23;C1;DR16
439;23;1;13;6,59E-05;A23;C1;DR13
438;23;1;11;1,64E-05;A23;C1;DR11
437;23;1;10;1,60E-05;A23;C1;DR10
436;2;8;9;3,87E-05;A2;C8;DR9
435;2;8;8;0,000127126;A2;C8;DR8
434;2;8;7;0,000989464;A2;C8;DR7
433;2;8;4;0,00045728;A2;C8;DR4
432;2;8;3;0,001068796;A2;C8;DR3
431;2;8;15;0,000310313;A2;C8;DR15
430;2;8;13;0,000413914;A2;C8;DR13
429;2;8;11;0,001388536;A2;C8;DR11
428;2;8;10;2,40E-05;A2;C8;DR10
427;2;8;1;0,004902062;A2;C8;DR1
426;2;7;9;0,0001054;A2;C7;DR9
425;2;7;8;0,003181118;A2;C7;DR8
424;2;7;7;0,005502546;A2;C7;DR7
423;2;7;4;0,006686573;A2;C7;DR4
422;2;7;3;0,006936342;A2;C7;DR3
421;2;7;16;0,003350322;A2;C7;DR16
420;2;7;15;0,00798722;A2;C7;DR15
419;2;7;14;0,000621352;A2;C7;DR14
418;2;7;13;0,008468087;A2;C7;DR13
417;2;7;12;0,001067346;A2;C7;DR12
416;2;7;11;0,007373171;A2;C7;DR11
415;2;7;10;0,000935155;A2;C7;DR10
414;2;7;1;0,003696213;A2;C7;DR1
413;2;6;9;4,79E-09;A2;C6;DR9
412;2;6;8;0,000990702;A2;C6;DR8
411;2;6;7;0,015369989;A2;C6;DR7
410;2;6;4;0,003583651;A2;C6;DR4
409;2;6;3;0,002293634;A2;C6;DR3
408;2;6;16;0,000763808;A2;C6;DR16
407;2;6;15;0,000692211;A2;C6;DR15
406;2;6;14;0,00013856;A2;C6;DR14
405;2;6;13;0,002595265;A2;C6;DR13
404;2;6;12;0,000236418;A2;C6;DR12
403;2;6;11;0,001296527;A2;C6;DR11
402;2;6;10;0,000876571;A2;C6;DR10
401;2;6;1;0,000868087;A2;C6;DR1
400;2;5;9;0,000140283;A2;C5;DR9
399;2;5;8;0,001979117;A2;C5;DR8
398;2;5;7;0,003034586;A2;C5;DR7
397;2;5;4;0,010896733;A2;C5;DR4
396;2;5;3;0,004154328;A2;C5;DR3
395;2;5;16;0,000256589;A2;C5;DR16
394;2;5;15;0,002201305;A2;C5;DR15
393;2;5;14;0,000199578;A2;C5;DR14
392;2;5;13;0,009030308;A2;C5;DR13
391;2;5;12;0,002958188;A2;C5;DR12
390;2;5;11;0,002703711;A2;C5;DR11
389;2;5;10;0,000322616;A2;C5;DR10
388;2;5;1;0,002750284;A2;C5;DR1
387;2;4;9;0,000131554;A2;C4;DR9
386;2;4;8;0,002357025;A2;C4;DR8
385;2;4;7;0,006159243;A2;C4;DR7
384;2;4;4;0,002841143;A2;C4;DR4
383;2;4;3;0,003262943;A2;C4;DR3
382;2;4;16;0,000517254;A2;C4;DR16
381;2;4;15;0,000435014;A2;C4;DR15
380;2;4;14;0,001960106;A2;C4;DR14
379;2;4;13;0,004776208;A2;C4;DR13
378;2;4;12;0,00022426;A2;C4;DR12
377;2;4;11;0,005580613;A2;C4;DR11
376;2;4;10;0,000138021;A2;C4;DR10
375;2;4;1;0,005104912;A2;C4;DR1
374;2;3;9;0,000239588;A2;C3;DR9
373;2;3;8;0,000827156;A2;C3;DR8
372;2;3;7;0,001969958;A2;C3;DR7
371;2;3;4;0,006024202;A2;C3;DR4
370;2;3;3;0,001215266;A2;C3;DR3
369;2;3;16;9,97E-05;A2;C3;DR16
368;2;3;15;0,001435311;A2;C3;DR15
367;2;3;14;0,000922556;A2;C3;DR14
366;2;3;13;0,002898672;A2;C3;DR13
365;2;3;12;0,000225861;A2;C3;DR12
364;2;3;11;0,001305284;A2;C3;DR11
363;2;3;1;0,001272804;A2;C3;DR1
362;2;2;8;0,001012944;A2;C2;DR8
361;2;2;7;0,003261316;A2;C2;DR7
360;2;2;4;0,001911241;A2;C2;DR4
359;2;2;3;0,000716655;A2;C2;DR3
358;2;2;16;0,00117335;A2;C2;DR16
357;2;2;15;0,001918818;A2;C2;DR15
356;2;2;13;0,003458271;A2;C2;DR13
355;2;2;12;0,000698652;A2;C2;DR12
354;2;2;11;0,003366492;A2;C2;DR11
353;2;2;10;0,000382513;A2;C2;DR10
352;2;2;1;0,001788561;A2;C2;DR1
351;2;18;16;2,56E-05;A2;C18;DR16
350;2;18;15;0,000104043;A2;C18;DR15
349;2;17;8;1,83E-05;A2;C17;DR8
348;2;17;7;0,000177166;A2;C17;DR7
347;2;17;4;0,000105652;A2;C17;DR4
346;2;17;3;0,0007896;A2;C17;DR3
345;2;17;15;6,43E-05;A2;C17;DR15
344;2;17;13;0,001375552;A2;C17;DR13
343;2;17;12;4,27E-05;A2;C17;DR12
342;2;17;1;5,58E-05;A2;C17;DR1
341;2;16;9;2,59E-05;A2;C16;DR9
340;2;16;7;0,00458199;A2;C16;DR7
339;2;16;4;0,002564783;A2;C16;DR4
338;2;16;3;0,000347461;A2;C16;DR3
337;2;16;16;0,000456131;A2;C16;DR16
336;2;16;15;0,001103009;A2;C16;DR15
335;2;16;14;0,000223372;A2;C16;DR14
334;2;16;13;0,001357233;A2;C16;DR13
333;2;16;12;0,000449415;A2;C16;DR12
332;2;16;11;0,001391399;A2;C16;DR11
331;2;16;10;0,000409315;A2;C16;DR10
330;2;16;1;0,000372406;A2;C16;DR1
329;2;15;9;0,000274663;A2;C15;DR9
328;2;15;8;0,00032509;A2;C15;DR8
327;2;15;7;0,001705092;A2;C15;DR7
326;2;15;4;0,00250635;A2;C15;DR4
325;2;15;3;0,000220805;A2;C15;DR3
324;2;15;16;0,001096975;A2;C15;DR16
323;2;15;15;0,000502332;A2;C15;DR15
322;2;15;14;0,000444042;A2;C15;DR14
321;2;15;13;0,002065421;A2;C15;DR13
320;2;15;12;0,000413663;A2;C15;DR12
319;2;15;11;0,002241656;A2;C15;DR11
318;2;15;10;0,000638402;A2;C15;DR10
317;2;15;1;0,000568312;A2;C15;DR1
316;2;14;9;2,39E-05;A2;C14;DR9
315;2;14;8;0,006924679;A2;C14;DR8
314;2;14;7;0,002008744;A2;C14;DR7
313;2;14;4;0,001052821;A2;C14;DR4
312;2;14;3;0,000351129;A2;C14;DR3
311;2;14;16;0,000140905;A2;C14;DR16
310;2;14;15;0,000598385;A2;C14;DR15
309;2;14;14;0,000412033;A2;C14;DR14
308;2;14;13;0,001933744;A2;C14;DR13
307;2;14;12;7,96E-06;A2;C14;DR12
306;2;14;11;0,00171067;A2;C14;DR11
305;2;14;10;0,000100624;A2;C14;DR10
304;2;14;1;0,001180423;A2;C14;DR1
303;2;12;8;0,000984373;A2;C12;DR8
302;2;12;7;0,000247421;A2;C12;DR7
301;2;12;4;0,000533942;A2;C12;DR4
300;2;12;3;0,000137549;A2;C12;DR3
299;2;12;16;0,001773986;A2;C12;DR16
298;2;12;15;0,001021225;A2;C12;DR15
297;2;12;14;0,000563699;A2;C12;DR14
296;2;12;13;0,002665472;A2;C12;DR13
295;2;12;12;0,000155248;A2;C12;DR12
294;2;12;11;0,003385919;A2;C12;DR11
293;2;12;10;0,000126015;A2;C12;DR10
292;2;12;1;0,00090056;A2;C12;DR1
291;2;1;9;0,000858031;A2;C1;DR9
290;2;1;8;0,000805046;A2;C1;DR8
289;2;1;7;0,000478045;A2;C1;DR7
288;2;1;4;0,000645654;A2;C1;DR4
287;2;1;3;0,000133021;A2;C1;DR3
286;2;1;16;3,38E-05;A2;C1;DR16
285;2;1;15;0,000392308;A2;C1;DR15
284;2;1;14;0,000315828;A2;C1;DR14
283;2;1;13;0,001635954;A2;C1;DR13
282;2;1;12;0,000322792;A2;C1;DR12
281;2;1;11;0,000495917;A2;C1;DR11
280;2;1;1;0,003358165;A2;C1;DR1
279;11;8;7;0,00093752;A11;C8;DR7
278;11;8;4;0,000313167;A11;C8;DR4
277;11;8;3;7,55E-05;A11;C8;DR3
276;11;8;15;9,43E-05;A11;C8;DR15
275;11;8;13;0,000123102;A11;C8;DR13
274;11;8;12;2,10E-05;A11;C8;DR12
273;11;8;11;0,000186415;A11;C8;DR11
272;11;8;1;0,002160034;A11;C8;DR1
271;11;7;9;5,92E-05;A11;C7;DR9
270;11;7;8;0,000114988;A11;C7;DR8
269;11;7;7;0,000859368;A11;C7;DR7
268;11;7;4;0,003498737;A11;C7;DR4
267;11;7;3;0,001096986;A11;C7;DR3
266;11;7;16;0,000666616;A11;C7;DR16
265;11;7;15;0,001560733;A11;C7;DR15
264;11;7;14;0,000130552;A11;C7;DR14
263;11;7;13;0,000965867;A11;C7;DR13
262;11;7;12;2,45E-05;A11;C7;DR12
261;11;7;11;0,001260159;A11;C7;DR11
260;11;7;10;1,32E-05;A11;C7;DR10
259;11;7;1;0,000470787;A11;C7;DR1
258;11;6;9;4,73E-05;A11;C6;DR9
257;11;6;8;5,07E-05;A11;C6;DR8
256;11;6;7;0,000915631;A11;C6;DR7
255;11;6;4;0,00019142;A11;C6;DR4
254;11;6;3;4,97E-08;A11;C6;DR3
253;11;6;16;2,18E-05;A11;C6;DR16
252;11;6;15;6,70E-05;A11;C6;DR15
251;11;6;14;2,58E-07;A11;C6;DR14
250;11;6;13;0,000102847;A11;C6;DR13
249;11;6;10;1,97E-05;A11;C6;DR10
248;11;6;1;4,00E-05;A11;C6;DR1
247;11;5;7;0,000410476;A11;C5;DR7
246;11;5;4;0,000801659;A11;C5;DR4
245;11;5;3;0,000865708;A11;C5;DR3
244;11;5;15;7,57E-05;A11;C5;DR15
243;11;5;14;0,000356133;A11;C5;DR14
242;11;5;13;0,00072405;A11;C5;DR13
241;11;5;12;0,001282141;A11;C5;DR12
240;11;5;11;0,00030873;A11;C5;DR11
239;11;5;10;5,94E-05;A11;C5;DR10
238;11;5;1;0,000172827;A11;C5;DR1
237;11;4;8;0,000257535;A11;C4;DR8
236;11;4;7;0,002011328;A11;C4;DR7
235;11;4;4;0,002320094;A11;C4;DR4
234;11;4;3;0,000699002;A11;C4;DR3
233;11;4;16;0,000136556;A11;C4;DR16
232;11;4;15;0,000307303;A11;C4;DR15
231;11;4;14;0,001963722;A11;C4;DR14
230;11;4;13;0,001810763;A11;C4;DR13
229;11;4;12;0,000495856;A11;C4;DR12
228;11;4;11;0,002333881;A11;C4;DR11
227;11;4;10;0,000241364;A11;C4;DR10
226;11;4;1;0,009399931;A11;C4;DR1
225;11;3;9;0,000280302;A11;C3;DR9
224;11;3;8;2,83E-05;A11;C3;DR8
223;11;3;7;0,000354596;A11;C3;DR7
222;11;3;4;0,001256557;A11;C3;DR4
221;11;3;3;0,000211506;A11;C3;DR3
220;11;3;16;0,000137995;A11;C3;DR16
219;11;3;15;0,000273801;A11;C3;DR15
218;11;3;14;0,001258501;A11;C3;DR14
217;11;3;13;0,00044608;A11;C3;DR13
216;11;3;11;0,000252844;A11;C3;DR11
215;11;3;1;0,000615365;A11;C3;DR1
214;11;2;9;0,000132527;A11;C2;DR9
213;11;2;8;0,000199665;A11;C2;DR8
212;11;2;7;0,000126888;A11;C2;DR7
211;11;2;4;0,00048929;A11;C2;DR4
210;11;2;3;3,99E-06;A11;C2;DR3
209;11;2;15;6,76E-08;A11;C2;DR15
208;11;2;13;0,00040896;A11;C2;DR13
207;11;2;11;0,000492166;A11;C2;DR11
206;11;2;1;4,41E-05;A11;C2;DR1
205;11;17;8;8,83E-06;A11;C17;DR8
204;11;17;7;5,58E-05;A11;C17;DR7
203;11;17;4;7,84E-06;A11;C17;DR4
202;11;17;3;4,19E-05;A11;C17;DR3
201;11;17;13;0,000128291;A11;C17;DR13
200;11;17;10;2,73E-14;A11;C17;DR10
199;11;16;9;5,18E-06;A11;C16;DR9
198;11;16;8;2,01E-05;A11;C16;DR8
197;11;16;7;0,0005927;A11;C16;DR7
196;11;16;4;8,09E-10;A11;C16;DR4
195;11;16;3;6,02E-05;A11;C16;DR3
194;11;16;15;0,000245371;A11;C16;DR15
193;11;16;14;5,68E-05;A11;C16;DR14
192;11;16;12;0,00018719;A11;C16;DR12
191;11;16;11;9,83E-05;A11;C16;DR11
190;11;16;10;0,0002518;A11;C16;DR10
189;11;16;1;0,000152453;A11;C16;DR1
188;11;15;9;0,00026305;A11;C15;DR9
187;11;15;8;0,000258218;A11;C15;DR8
186;11;15;7;0,000741399;A11;C15;DR7
185;11;15;4;0,000995184;A11;C15;DR4
184;11;15;3;6,12E-05;A11;C15;DR3
183;11;15;16;0,000192437;A11;C15;DR16
182;11;15;15;0,000428536;A11;C15;DR15
181;11;15;14;0,000345917;A11;C15;DR14
180;11;15;13;0,000790343;A11;C15;DR13
179;11;15;12;1,37E-05;A11;C15;DR12
178;11;15;11;0,000390419;A11;C15;DR11
177;11;15;10;1,05E-05;A11;C15;DR10
176;11;15;1;0,000403504;A11;C15;DR1
175;11;14;9;0,000112814;A11;C14;DR9
174;11;14;8;3,28E-05;A11;C14;DR8
173;11;14;7;0,000223966;A11;C14;DR7
172;11;14;4;8,47E-06;A11;C14;DR4
171;11;14;16;2,11E-05;A11;C14;DR16
170;11;14;14;2,00E-05;A11;C14;DR14
169;11;14;13;6,82E-05;A11;C14;DR13
168;11;14;11;9,62E-05;A11;C14;DR11
167;11;14;10;2,73E-05;A11;C14;DR10
166;11;14;1;2,03E-05;A11;C14;DR1
165;11;12;8;0,000521725;A11;C12;DR8
164;11;12;7;0,000246755;A11;C12;DR7
163;11;12;4;0,000256852;A11;C12;DR4
162;11;12;3;4,77E-05;A11;C12;DR3
161;11;12;16;0,000217486;A11;C12;DR16
160;11;12;15;0,001013579;A11;C12;DR15
159;11;12;14;0,000172921;A11;C12;DR14
158;11;12;13;0,000280025;A11;C12;DR13
157;11;12;11;0,000336569;A11;C12;DR11
156;11;12;10;9,30E-06;A11;C12;DR10
155;11;12;1;5,00E-05;A11;C12;DR1
154;11;1;9;0,000271588;A11;C1;DR9
153;11;1;8;0,000103071;A11;C1;DR8
152;11;1;7;1,56E-05;A11;C1;DR7
151;11;1;4;0,000102716;A11;C1;DR4
150;11;1;3;2,56E-05;A11;C1;DR3
149;11;1;15;7,51E-05;A11;C1;DR15
148;11;1;14;6,82E-05;A11;C1;DR14
147;11;1;13;0,000840594;A11;C1;DR13
146;11;1;11;8,16E-05;A11;C1;DR11
145;11;1;1;0,002501943;A11;C1;DR1
144;1;8;9;9,16E-07;A1;C8;DR9
143;1;8;8;7,89E-06;A1;C8;DR8
142;1;8;7;0,000425113;A1;C8;DR7
141;1;8;4;6,44E-05;A1;C8;DR4
140;1;8;3;7,29E-05;A1;C8;DR3
139;1;8;16;1,34E-05;A1;C8;DR16
138;1;8;15;2,80E-05;A1;C8;DR15
137;1;8;14;2,63E-05;A1;C8;DR14
136;1;8;10;5,45E-05;A1;C8;DR10
135;1;8;1;0,000736399;A1;C8;DR1
134;1;7;9;0,000161148;A1;C7;DR9
133;1;7;8;0,000837551;A1;C7;DR8
132;1;7;7;0,008205395;A1;C7;DR7
131;1;7;4;0,00168394;A1;C7;DR4
130;1;7;3;0,031330599;A1;C7;DR3
129;1;7;16;0,000447382;A1;C7;DR16
128;1;7;15;0,003300865;A1;C7;DR15
127;1;7;14;0,000223884;A1;C7;DR14
126;1;7;13;0,005546689;A1;C7;DR13
125;1;7;12;0,000420906;A1;C7;DR12
124;1;7;11;0,0024826;A1;C7;DR11
123;1;7;10;0,000296549;A1;C7;DR10
122;1;7;1;0,001948112;A1;C7;DR1
121;1;6;8;0,000527965;A1;C6;DR8
120;1;6;7;0,005247905;A1;C6;DR7
119;1;6;4;0,0020961;A1;C6;DR4
118;1;6;3;0,000381304;A1;C6;DR3
117;1;6;16;0,000158948;A1;C6;DR16
116;1;6;15;0,000609439;A1;C6;DR15
115;1;6;14;3,79E-05;A1;C6;DR14
114;1;6;13;0,002244465;A1;C6;DR13
113;1;6;11;0,001369799;A1;C6;DR11
112;1;6;10;0,002712134;A1;C6;DR10
111;1;6;1;0,001073422;A1;C6;DR1
110;1;5;8;7,99E-05;A1;C5;DR8
109;1;5;7;0,000775775;A1;C5;DR7
108;1;5;4;0,000996025;A1;C5;DR4
107;1;5;3;0,000276563;A1;C5;DR3
106;1;5;16;2,51E-05;A1;C5;DR16
105;1;5;15;0,0001824;A1;C5;DR15
104;1;5;13;0,000414993;A1;C5;DR13
103;1;5;12;0,000146231;A1;C5;DR12
102;1;5;11;0,000165659;A1;C5;DR11
101;1;5;1;0,000294568;A1;C5;DR1
100;1;4;8;0,000770787;A1;C4;DR8
99;1;4;7;0,0007768;A1;C4;DR7
98;1;4;4;0,002732512;A1;C4;DR4
97;1;4;3;0,000175248;A1;C4;DR3
96;1;4;15;0,00018492;A1;C4;DR15
95;1;4;14;6,34E-05;A1;C4;DR14
94;1;4;13;0,001394065;A1;C4;DR13
93;1;4;12;0,000177464;A1;C4;DR12
92;1;4;11;0,001160787;A1;C4;DR11
91;1;4;10;7,43E-05;A1;C4;DR10
90;1;4;1;0,001008901;A1;C4;DR1
89;1;3;8;0,000109132;A1;C3;DR8
88;1;3;7;0,000204561;A1;C3;DR7
87;1;3;4;0,000346568;A1;C3;DR4
86;1;3;3;0,000117523;A1;C3;DR3
85;1;3;16;9,88E-05;A1;C3;DR16
84;1;3;15;0,000189779;A1;C3;DR15
83;1;3;14;8,26E-05;A1;C3;DR14
82;1;3;13;0,000729314;A1;C3;DR13
81;1;3;11;0,000679527;A1;C3;DR11
80;1;3;1;8,92E-05;A1;C3;DR1
79;1;2;8;5,64E-08;A1;C2;DR8
78;1;2;7;0,000122074;A1;C2;DR7
77;1;2;4;0,000263019;A1;C2;DR4
76;1;2;3;0,000305003;A1;C2;DR3
75;1;2;16;3,20E-05;A1;C2;DR16
74;1;2;15;0,000396641;A1;C2;DR15
73;1;2;14;7,57E-05;A1;C2;DR14
72;1;2;13;0,000264051;A1;C2;DR13
71;1;2;12;1,40E-05;A1;C2;DR12
70;1;2;11;0,000272875;A1;C2;DR11
69;1;2;1;0,000377969;A1;C2;DR1
68;1;18;7;1,41E-05;A1;C18;DR7
67;1;18;4;4,28E-06;A1;C18;DR4
66;1;18;15;5,23E-05;A1;C18;DR15
65;1;18;13;1,76E-05;A1;C18;DR13
64;1;18;1;2,29E-05;A1;C18;DR1
63;1;17;8;1,35E-05;A1;C17;DR8
62;1;17;7;8,92E-05;A1;C17;DR7
61;1;17;4;2,43E-05;A1;C17;DR4
60;1;17;3;0,000112819;A1;C17;DR3
59;1;17;15;9,09E-06;A1;C17;DR15
58;1;17;13;0,000167603;A1;C17;DR13
57;1;17;11;2,61E-05;A1;C17;DR11
56;1;17;10;0,000145327;A1;C17;DR10
55;1;16;9;1,94E-05;A1;C16;DR9
54;1;16;8;3,97E-05;A1;C16;DR8
53;1;16;7;0,000640748;A1;C16;DR7
52;1;16;4;0,001197618;A1;C16;DR4
51;1;16;3;0,000118347;A1;C16;DR3
50;1;16;16;0,000136862;A1;C16;DR16
49;1;16;15;1,84E-05;A1;C16;DR15
48;1;16;13;0,000549211;A1;C16;DR13
47;1;16;12;2,34E-05;A1;C16;DR12
46;1;16;11;3,70E-05;A1;C16;DR11
45;1;16;10;1,61E-05;A1;C16;DR10
44;1;16;1;7,44E-06;A1;C16;DR1
43;1;15;8;8,45E-05;A1;C15;DR8
42;1;15;7;0,001068616;A1;C15;DR7
41;1;15;4;0,00291968;A1;C15;DR4
40;1;15;3;8,44E-05;A1;C15;DR3
39;1;15;16;0,000172444;A1;C15;DR16
38;1;15;15;0,000238171;A1;C15;DR15
37;1;15;14;0,0001408;A1;C15;DR14
36;1;15;13;0,000282088;A1;C15;DR13
35;1;15;12;2,51E-05;A1;C15;DR12
34;1;15;11;0,000298265;A1;C15;DR11
33;1;15;10;1,41E-06;A1;C15;DR10
32;1;15;1;8,82E-05;A1;C15;DR1
31;1;14;8;0,000315497;A1;C14;DR8
30;1;14;7;0,000126012;A1;C14;DR7
29;1;14;4;0,000712336;A1;C14;DR4
28;1;14;3;0,000324221;A1;C14;DR3
27;1;14;16;2,03E-05;A1;C14;DR16
26;1;14;14;0,000129719;A1;C14;DR14
25;1;14;13;0,0002284;A1;C14;DR13
24;1;14;11;0,000400685;A1;C14;DR11
23;1;14;10;3,86E-05;A1;C14;DR10
22;1;14;1;0,000127727;A1;C14;DR1
21;1;12;9;3,23E-05;A1;C12;DR9
20;1;12;8;0,00028842;A1;C12;DR8
19;1;12;7;0,00028178;A1;C12;DR7
18;1;12;4;0,000419762;A1;C12;DR4
17;1;12;3;0,000265906;A1;C12;DR3
16;1;12;16;0,000188864;A1;C12;DR16
15;1;12;15;0,00180655;A1;C12;DR15
14;1;12;14;0,000151506;A1;C12;DR14
13;1;12;13;0,001299086;A1;C12;DR13
12;1;12;11;0,000446135;A1;C12;DR11
11;1;12;10;4,28E-06;A1;C12;DR10
10;1;12;1;0,000241582;A1;C12;DR1
9;1;1;9;0,000154557;A1;C1;DR9
8;1;1;8;7,25E-06;A1;C1;DR8
7;1;1;7;5,84E-05;A1;C1;DR7
6;1;1;4;6,46E-06;A1;C1;DR4
5;1;1;3;4,86E-05;A1;C1;DR3
4;1;1;15;5,44E-05;A1;C1;DR15
3;1;1;14;4,34E-05;A1;C1;DR14
2;1;1;13;0,000235557;A1;C1;DR13
1;1;1;1;0,000154307;A1;C1;DR1
